id	state	arm	n_contacts	n_mapped	mean_entropy_bits	frac_hypervariable	in_V1	in_V2	in_V3	escape_prone	n_glycan_residues_in_contact
C0001	S4_cd4_cladeCRF	glycan_free	17	17	0.4509315530596125	0.058823529411764705	False	False	False	False	0
C0003	S4_cd4_cladeCRF	glycan_free	13	13	0.4827095307144224	0.07692307692307693	False	False	False	False	0
C0002	S4_cd4_cladeCRF	glycan_free	10	10	0.41576093894281535	0.1	False	False	False	False	0
C0004	S4_cd4_cladeCRF	glycan_free	10	10	0.41576093894281535	0.1	False	False	False	False	0
C0005	S4_cd4_cladeCRF	glycan_free	15	15	0.48211981083948946	0.0	False	False	False	False	0
C0006	S4_cd4_cladeCRF	glycan_free	18	18	0.378448449028397	0.05555555555555555	False	False	False	False	0
C0007	S4_cd4_cladeCRF	glycan_free	16	16	0.43651336494787574	0.0625	False	False	False	False	0
C0008	S4_cd4_cladeCRF	glycan_free	16	16	0.40968156035746556	0.0625	False	False	False	False	0
C0009	S4_cd4_cladeCRF	glycan_free	18	18	0.4824927610936876	0.05555555555555555	False	False	False	False	0
C0010	S4_cd4_cladeCRF	glycan_free	20	20	0.48020676558395065	0.05	False	False	False	False	0
C0011	S4_cd4_cladeCRF	glycan_free	16	16	0.4778945208979343	0.0625	False	False	False	False	0
C0012	S4_cd4_cladeCRF	glycan_free	19	19	0.4380359280580017	0.0	False	False	False	False	0
C0014	S4_cd4_cladeCRF	glycan_free	15	15	0.49361830317526506	0.06666666666666667	False	False	False	False	0
C0013	S4_cd4_cladeCRF	glycan_free	21	21	0.4507192517413054	0.047619047619047616	False	False	False	False	0
C0015	S4_cd4_cladeCRF	glycan_free	14	14	0.3023150596015527	0.0	False	False	False	False	0
C0017	S4_cd4_cladeCRF	glycan_free	19	19	0.4637017483395753	0.05263157894736842	False	False	False	False	0
C0016	S4_cd4_cladeCRF	glycan_free	20	20	0.49136021273119307	0.05	False	False	False	False	0
C0018	S4_cd4_cladeCRF	glycan_free	17	17	0.33024439650186604	0.0	False	False	False	False	0
C0019	S4_cd4_cladeCRF	glycan_free	8	8	0.5716093644448057	0.125	False	False	False	False	0
C0020	S4_cd4_cladeCRF	glycan_free	20	20	0.4554084742047692	0.05	False	False	False	False	0
C0021	S4_cd4_cladeCRF	glycan_free	17	17	0.39921226408036203	0.058823529411764705	False	False	False	False	0
C0022	S4_cd4_cladeCRF	glycan_free	11	11	0.3856547759246834	0.09090909090909091	False	False	False	False	0
C0024	S4_cd4_cladeCRF	glycan_free	17	17	0.39921226408036203	0.058823529411764705	False	False	False	False	0
C0025	S4_cd4_cladeCRF	glycan_free	20	20	0.46072047444882697	0.05	False	False	False	False	0
C0026	S4_cd4_cladeCRF	glycan_free	11	11	0.39807323745456125	0.0	False	False	False	False	0
C0027	S4_cd4_cladeCRF	glycan_free	10	10	0.4888419456923666	0.0	False	False	False	False	0
C0023	S4_cd4_cladeCRF	glycan_free	11	11	0.4259171942491875	0.09090909090909091	False	False	False	False	0
C0028	S4_cd4_cladeCRF	glycan_free	14	14	0.4107855963511792	0.0	False	False	False	False	0
C0030	S4_cd4_cladeCRF	glycan_free	16	16	0.3310804344978798	0.0	False	False	False	False	0
C0031	S4_cd4_cladeCRF	glycan_free	15	15	0.4241087289901779	0.0	False	False	False	False	0
C0032	S4_cd4_cladeCRF	glycan_free	19	19	0.4637017483395753	0.05263157894736842	False	False	False	False	0
C0033	S4_cd4_cladeCRF	glycan_free	20	20	0.4670826344739473	0.05	False	False	False	False	0
C0034	S4_cd4_cladeCRF	glycan_free	15	15	0.46336390395825744	0.06666666666666667	False	False	False	False	0
C0035	S4_cd4_cladeCRF	glycan_free	15	15	0.34540382279630855	0.0	False	False	False	False	0
C0037	S4_cd4_cladeCRF	glycan_free	11	11	0.3856547759246834	0.09090909090909091	False	False	False	False	0
C0038	S4_cd4_cladeCRF	glycan_free	9	9	0.5116882903072392	0.1111111111111111	False	False	False	False	0
C0029	S4_cd4_cladeCRF	glycan_free	9	9	0.5533559235794452	0.1111111111111111	False	False	False	False	0
C0040	S4_cd4_cladeCRF	glycan_free	19	19	0.4637017483395753	0.05263157894736842	False	False	False	False	0
C0041	S4_cd4_cladeCRF	glycan_free	15	15	0.4219016768169329	0.06666666666666667	False	False	False	False	0
C0042	S4_cd4_cladeCRF	glycan_free	7	7	0.44597783988582707	0.14285714285714285	False	False	False	False	0
C0043	S4_cd4_cladeCRF	glycan_free	18	18	0.4179355185738887	0.0	False	False	False	False	0
C0044	S4_cd4_cladeCRF	glycan_free	16	16	0.42375306697733955	0.0	False	False	False	False	0
C0045	S4_cd4_cladeCRF	glycan_free	7	7	0.44597783988582707	0.14285714285714285	False	False	False	False	0
C0039	S4_cd4_cladeCRF	glycan_free	13	13	0.5192746366783019	0.07692307692307693	False	False	False	False	0
C0046	S4_cd4_cladeCRF	glycan_free	9	9	0.46247866791062314	0.1111111111111111	False	False	False	False	0
C0048	S4_cd4_cladeCRF	glycan_free	9	9	0.5647118107627839	0.1111111111111111	False	False	False	False	0
C0047	S4_cd4_cladeCRF	glycan_free	21	21	0.48730679936426213	0.047619047619047616	False	False	False	False	0
C0050	S4_cd4_cladeCRF	glycan_free	17	17	0.4118471054448259	0.0	False	False	False	False	0
C0049	S4_cd4_cladeCRF	glycan_free	9	9	0.45819270383135513	0.1111111111111111	False	False	False	False	0
C0052	S4_cd4_cladeCRF	glycan_free	14	14	0.32686095459204595	0.0	False	False	False	False	0
C0051	S4_cd4_cladeCRF	glycan_free	9	9	0.3856710856029953	0.1111111111111111	False	False	False	False	0
C0054	S4_cd4_cladeCRF	glycan_free	8	8	0.5162485392486127	0.125	False	False	False	False	0
C0055	S4_cd4_cladeCRF	glycan_free	18	18	0.4504756243724635	0.05555555555555555	False	False	False	False	0
C0053	S4_cd4_cladeCRF	glycan_free	20	20	0.39499007457109575	0.05	False	False	False	False	0
C0057	S4_cd4_cladeCRF	glycan_free	16	16	0.45357879723358335	0.0	False	False	False	False	0
C0058	S4_cd4_cladeCRF	glycan_free	14	14	0.41030065654802694	0.0	False	False	False	False	0
C0059	S4_cd4_cladeCRF	glycan_free	15	15	0.5112698783586406	0.06666666666666667	False	False	False	False	0
C0056	S4_cd4_cladeCRF	glycan_free	17	17	0.49130881654939823	0.058823529411764705	False	False	False	False	0
C0060	S4_cd4_cladeCRF	glycan_free	21	21	0.4775460002926075	0.047619047619047616	False	False	False	False	0
C0062	S4_cd4_cladeCRF	glycan_free	16	16	0.3635229251331415	0.0	False	False	False	False	0
C0063	S4_cd4_cladeCRF	glycan_free	11	11	0.3856547759246834	0.09090909090909091	False	False	False	False	0
C0064	S4_cd4_cladeCRF	glycan_free	8	8	0.5162485392486127	0.125	False	False	False	False	0
C0065	S4_cd4_cladeCRF	glycan_free	8	8	0.47811886156971556	0.125	False	False	False	False	0
C0066	S4_cd4_cladeCRF	glycan_free	15	15	0.3895315724739386	0.06666666666666667	False	False	False	False	0
C0067	S4_cd4_cladeCRF	glycan_free	19	19	0.3710789566744738	0.0	False	False	False	False	0
C0068	S4_cd4_cladeCRF	glycan_free	20	20	0.475622671009383	0.05	False	False	False	False	0
C0069	S4_cd4_cladeCRF	glycan_free	15	15	0.38446785061197397	0.0	False	False	False	False	0
C0070	S4_cd4_cladeCRF	glycan_free	19	19	0.4178275106953607	0.05263157894736842	False	False	False	False	0
C0061	S4_cd4_cladeCRF	glycan_free	17	17	0.5151045637817869	0.058823529411764705	False	False	False	False	0
C0072	S4_cd4_cladeCRF	glycan_free	15	15	0.441577956283991	0.0	False	False	False	False	0
C0071	S4_cd4_cladeCRF	glycan_free	11	11	0.4711172016883642	0.09090909090909091	False	False	False	False	0
C0073	S4_cd4_cladeCRF	glycan_free	18	18	0.3903813547615018	0.0	False	False	False	False	0
C0074	S4_cd4_cladeCRF	glycan_free	19	19	0.376438310761715	0.0	False	False	False	False	0
C0075	S4_cd4_cladeCRF	glycan_free	19	19	0.4637017483395753	0.05263157894736842	False	False	False	False	0
C0076	S4_cd4_cladeCRF	glycan_free	7	7	0.619061864626472	0.14285714285714285	False	False	False	False	0
C0077	S4_cd4_cladeCRF	glycan_free	8	8	0.5935626477003091	0.125	False	False	False	False	0
C0079	S4_cd4_cladeCRF	glycan_free	11	11	0.3856547759246834	0.09090909090909091	False	False	False	False	0
C0080	S4_cd4_cladeCRF	glycan_free	8	8	0.5162485392486127	0.125	False	False	False	False	0
C0081	S4_cd4_cladeCRF	glycan_free	15	15	0.5024196655798954	0.06666666666666667	False	False	False	False	0
C0078	S4_cd4_cladeCRF	glycan_free	16	16	0.531991512896444	0.125	False	False	False	False	0
C0082	S4_cd4_cladeCRF	glycan_free	14	14	0.3214859268717484	0.0	False	False	False	False	0
C0084	S4_cd4_cladeCRF	glycan_free	19	19	0.4637017483395753	0.05263157894736842	False	False	False	False	0
C0083	S4_cd4_cladeCRF	glycan_free	17	17	0.44526055643848406	0.0	False	False	False	False	0
C0085	S4_cd4_cladeCRF	glycan_free	21	21	0.4822477515127786	0.047619047619047616	False	False	False	False	0
C0086	S4_cd4_cladeCRF	glycan_free	13	13	0.3938621451732542	0.0	False	False	False	False	0
C0087	S4_cd4_cladeCRF	glycan_free	19	19	0.475442219020883	0.05263157894736842	False	False	False	False	0
C0088	S4_cd4_cladeCRF	glycan_free	21	21	0.48730679936426213	0.047619047619047616	False	False	False	False	0
C0091	S4_cd4_cladeCRF	glycan_free	9	9	0.46247866791062314	0.1111111111111111	False	False	False	False	0
C0090	S4_cd4_cladeCRF	glycan_free	15	15	0.49181967829722767	0.06666666666666667	False	False	False	False	0
C0093	S4_cd4_cladeCRF	glycan_free	19	19	0.46906110242681653	0.05263157894736842	False	False	False	False	0
C0092	S4_cd4_cladeCRF	glycan_free	17	17	0.4937251032186478	0.11764705882352941	False	False	False	False	0
C0095	S4_cd4_cladeCRF	glycan_free	12	12	0.3850702832281789	0.0	False	False	False	False	0
C0096	S4_cd4_cladeCRF	glycan_free	16	16	0.418084664719808	0.0	False	False	False	False	0
C0097	S4_cd4_cladeCRF	glycan_free	17	17	0.4759617439115902	0.058823529411764705	False	False	False	False	0
C0098	S4_cd4_cladeCRF	glycan_free	20	20	0.3636965640472267	0.05	False	False	False	False	0
C0099	S4_cd4_cladeCRF	glycan_free	19	19	0.44318986293418183	0.05263157894736842	False	False	False	False	0
C0094	S4_cd4_cladeCRF	glycan_free	22	22	0.4475215931368705	0.045454545454545456	False	False	False	False	0
C0100	S4_cd4_cladeCRF	glycan_free	14	14	0.394212713373321	0.0	False	False	False	False	0
C0101	S4_cd4_cladeCRF	glycan_free	14	14	0.5210183712114612	0.07142857142857142	False	False	False	False	0
C0102	S4_cd4_cladeCRF	glycan_free	20	20	0.4719820346711211	0.05	False	False	False	False	0
C0103	S4_cd4_cladeCRF	glycan_free	19	19	0.4114086059959977	0.05263157894736842	False	False	False	False	0
C0105	S4_cd4_cladeCRF	glycan_free	17	17	0.4307690816300582	0.0	False	False	False	False	0
C0104	S4_cd4_cladeCRF	glycan_free	11	11	0.3856547759246834	0.09090909090909091	False	False	False	False	0
C0107	S4_cd4_cladeCRF	glycan_free	16	16	0.30633199556022955	0.0	False	False	False	False	0
C0108	S4_cd4_cladeCRF	glycan_free	17	17	0.3822092256680648	0.0	False	False	False	False	0
C0109	S4_cd4_cladeCRF	glycan_free	11	11	0.44168116898939297	0.09090909090909091	False	False	False	False	0
C0110	S4_cd4_cladeCRF	glycan_free	16	16	0.44015427828384057	0.0625	False	False	False	False	0
C0111	S4_cd4_cladeCRF	glycan_free	15	15	0.41189778467911414	0.0	False	False	False	False	0
C0112	S4_cd4_cladeCRF	glycan_free	18	18	0.3786652804178503	0.0	False	False	False	False	0
C0113	S4_cd4_cladeCRF	glycan_free	13	13	0.5616574515289294	0.07692307692307693	False	False	False	False	0
C0114	S4_cd4_cladeCRF	glycan_free	19	19	0.4542100347069981	0.05263157894736842	False	False	False	False	0
C0115	S4_cd4_cladeCRF	glycan_free	8	8	0.5180329275985884	0.125	False	False	False	False	0
C0116	S4_cd4_cladeCRF	glycan_free	19	19	0.4637017483395753	0.05263157894736842	False	False	False	False	0
C0117	S4_cd4_cladeCRF	glycan_free	15	15	0.5024196655798953	0.06666666666666667	False	False	False	False	0
C0106	S4_cd4_cladeCRF	glycan_free	22	22	0.4215340062303403	0.045454545454545456	False	False	False	False	0
C0119	S4_cd4_cladeCRF	glycan_free	16	16	0.39825583234947176	0.0	False	False	False	False	0
C0118	S4_cd4_cladeCRF	glycan_free	16	16	0.37933030974426923	0.0	False	False	False	False	0
C0120	S4_cd4_cladeCRF	glycan_free	20	20	0.4666700344270634	0.05	False	False	False	False	0
C0121	S4_cd4_cladeCRF	glycan_free	17	17	0.49840138048598986	0.058823529411764705	False	False	False	False	0
C0122	S4_cd4_cladeCRF	glycan_free	11	11	0.4519506758565113	0.0	False	False	False	False	0
C0123	S4_cd4_cladeCRF	glycan_free	20	20	0.41175908253543597	0.05	False	False	False	False	0
C0124	S4_cd4_cladeCRF	glycan_free	19	19	0.4320904240823015	0.05263157894736842	False	False	False	False	0
C0125	S4_cd4_cladeCRF	glycan_free	21	21	0.4038069544685906	0.047619047619047616	False	False	False	False	0
C0126	S4_cd4_cladeCRF	glycan_free	18	18	0.34592183078228106	0.0	False	False	False	False	0
C0127	S4_cd4_cladeCRF	glycan_free	18	18	0.39660269729839853	0.05555555555555555	False	False	False	False	0
C0129	S4_cd4_cladeCRF	glycan_free	19	19	0.4637017483395753	0.05263157894736842	False	False	False	False	0
C0128	S4_cd4_cladeCRF	glycan_free	17	17	0.39239121972247765	0.058823529411764705	False	False	False	False	0
C0131	S4_cd4_cladeCRF	glycan_free	18	18	0.42769459281410555	0.05555555555555555	False	False	False	False	0
C0130	S4_cd4_cladeCRF	glycan_free	19	19	0.39165155565692833	0.05263157894736842	False	False	False	False	0
C0132	S4_cd4_cladeCRF	glycan_free	14	14	0.35480097719552733	0.0	False	False	False	False	0
C0133	S4_cd4_cladeCRF	glycan_free	14	14	0.4511637506206862	0.07142857142857142	False	False	False	False	0
C0134	S4_cd4_cladeCRF	glycan_free	14	14	0.5210183712114612	0.07142857142857142	False	False	False	False	0
C0136	S4_cd4_cladeCRF	glycan_free	17	17	0.5177724950639899	0.058823529411764705	False	False	False	False	0
C0135	S4_cd4_cladeCRF	glycan_free	16	16	0.5041615585147614	0.0625	False	False	False	False	0
C0137	S4_cd4_cladeCRF	glycan_free	10	10	0.5149969521365299	0.1	False	False	False	False	0
C0139	S4_cd4_cladeCRF	glycan_free	15	15	0.3641159285021975	0.0	False	False	False	False	0
C0138	S4_cd4_cladeCRF	glycan_free	20	20	0.42230354944472237	0.05	False	False	False	False	0
C0140	S4_cd4_cladeCRF	glycan_free	10	10	0.33597723143272074	0.0	False	False	False	False	0
C0142	S4_cd4_cladeCRF	glycan_free	19	19	0.4637017483395753	0.05263157894736842	False	False	False	False	0
C0141	S4_cd4_cladeCRF	glycan_free	19	19	0.35056707126908043	0.0	False	False	False	False	0
C0143	S4_cd4_cladeCRF	glycan_free	20	20	0.4170953073493215	0.0	False	False	False	False	0
C0144	S4_cd4_cladeCRF	glycan_free	10	10	0.41576093894281535	0.1	False	False	False	False	0
C0146	S4_cd4_cladeCRF	glycan_free	6	6	0.6694263097276404	0.16666666666666666	False	False	False	False	0
C0145	S4_cd4_cladeCRF	glycan_free	17	17	0.3705722569209619	0.0	False	False	False	False	0
C0147	S4_cd4_cladeCRF	glycan_free	20	20	0.49125961664733875	0.05	False	False	False	False	0
C0148	S4_cd4_cladeCRF	glycan_free	20	20	0.3982093148178423	0.05	False	False	False	False	0
C0150	S4_cd4_cladeCRF	glycan_free	17	17	0.4188548982370694	0.058823529411764705	False	False	False	False	0
C0149	S4_cd4_cladeCRF	glycan_free	18	18	0.4043152112036639	0.05555555555555555	False	False	False	False	0
C0151	S4_cd4_cladeCRF	glycan_free	21	21	0.44606074968986786	0.047619047619047616	False	False	False	False	0
C0152	S4_cd4_cladeCRF	glycan_free	15	15	0.4308972441673501	0.0	False	False	False	False	0
C0153	S4_cd4_cladeCRF	glycan_free	19	19	0.4637017483395753	0.05263157894736842	False	False	False	False	0
C0154	S4_cd4_cladeCRF	glycan_free	21	21	0.31270466897003407	0.0	False	False	False	False	0
C0155	S4_cd4_cladeCRF	glycan_free	9	9	0.46247866791062314	0.1111111111111111	False	False	False	False	0
C0156	S4_cd4_cladeCRF	glycan_free	20	20	0.46708263447394743	0.05	False	False	False	False	0
C0158	S4_cd4_cladeCRF	glycan_free	17	17	0.4261058086305879	0.058823529411764705	False	False	False	False	0
C0159	S4_cd4_cladeCRF	glycan_free	18	18	0.44847247046437855	0.05555555555555555	False	False	False	False	0
C0157	S4_cd4_cladeCRF	glycan_free	17	17	0.4123339666065296	0.058823529411764705	False	False	False	False	0
C0161	S4_cd4_cladeCRF	glycan_free	11	11	0.3224017942725505	0.0	False	False	False	False	0
C0160	S4_cd4_cladeCRF	glycan_free	11	11	0.4464939539620451	0.09090909090909091	False	False	False	False	0
C0162	S4_cd4_cladeCRF	glycan_free	18	18	0.4271646044948872	0.0	False	False	False	False	0
C0164	S4_cd4_cladeCRF	glycan_free	18	18	0.32353713849946103	0.0	False	False	False	False	0
C0165	S4_cd4_cladeCRF	glycan_free	20	20	0.5001875592339943	0.05	False	False	False	False	0
C0163	S4_cd4_cladeCRF	glycan_free	17	17	0.395212579860286	0.0	False	False	False	False	0
C0167	S4_cd4_cladeCRF	glycan_free	14	14	0.31048868779478844	0.0	False	False	False	False	0
C0168	S4_cd4_cladeCRF	glycan_free	18	18	0.32393426693301647	0.0	False	False	False	False	0
C0001	S4_cd4_cladeCRF	glycosylated	17	17	0.4509315530596125	0.058823529411764705	False	False	False	False	0
C0166	S4_cd4_cladeCRF	glycan_free	11	11	0.2722414027735404	0.0	False	False	False	False	0
C0003	S4_cd4_cladeCRF	glycosylated	13	13	0.4827095307144224	0.07692307692307693	False	False	False	False	0
C0002	S4_cd4_cladeCRF	glycosylated	10	10	0.41576093894281535	0.1	False	False	False	False	0
C0004	S4_cd4_cladeCRF	glycosylated	10	10	0.41576093894281535	0.1	False	False	False	False	0
C0005	S4_cd4_cladeCRF	glycosylated	15	15	0.48211981083948946	0.0	False	False	False	False	0
C0006	S4_cd4_cladeCRF	glycosylated	18	18	0.378448449028397	0.05555555555555555	False	False	False	False	0
C0007	S4_cd4_cladeCRF	glycosylated	16	16	0.43651336494787574	0.0625	False	False	False	False	0
C0008	S4_cd4_cladeCRF	glycosylated	16	16	0.40968156035746556	0.0625	False	False	False	False	0
C0009	S4_cd4_cladeCRF	glycosylated	18	18	0.4824927610936876	0.05555555555555555	False	False	False	False	0
C0010	S4_cd4_cladeCRF	glycosylated	20	20	0.48020676558395065	0.05	False	False	False	False	0
C0011	S4_cd4_cladeCRF	glycosylated	16	16	0.4778945208979343	0.0625	False	False	False	False	0
C0012	S4_cd4_cladeCRF	glycosylated	19	19	0.4380359280580017	0.0	False	False	False	False	0
C0014	S4_cd4_cladeCRF	glycosylated	15	15	0.49361830317526506	0.06666666666666667	False	False	False	False	0
C0013	S4_cd4_cladeCRF	glycosylated	21	21	0.4507192517413054	0.047619047619047616	False	False	False	False	0
C0015	S4_cd4_cladeCRF	glycosylated	14	14	0.3023150596015527	0.0	False	False	False	False	0
C0017	S4_cd4_cladeCRF	glycosylated	19	19	0.4637017483395753	0.05263157894736842	False	False	False	False	0
C0016	S4_cd4_cladeCRF	glycosylated	20	20	0.49136021273119307	0.05	False	False	False	False	0
C0018	S4_cd4_cladeCRF	glycosylated	17	17	0.33024439650186604	0.0	False	False	False	False	0
C0019	S4_cd4_cladeCRF	glycosylated	8	8	0.5716093644448057	0.125	False	False	False	False	0
C0020	S4_cd4_cladeCRF	glycosylated	20	20	0.4554084742047692	0.05	False	False	False	False	0
C0021	S4_cd4_cladeCRF	glycosylated	17	17	0.39921226408036203	0.058823529411764705	False	False	False	False	0
C0022	S4_cd4_cladeCRF	glycosylated	11	11	0.3856547759246834	0.09090909090909091	False	False	False	False	0
C0024	S4_cd4_cladeCRF	glycosylated	17	17	0.39921226408036203	0.058823529411764705	False	False	False	False	0
C0025	S4_cd4_cladeCRF	glycosylated	20	20	0.46072047444882697	0.05	False	False	False	False	0
C0026	S4_cd4_cladeCRF	glycosylated	11	11	0.39807323745456125	0.0	False	False	False	False	0
C0027	S4_cd4_cladeCRF	glycosylated	10	10	0.4888419456923666	0.0	False	False	False	False	0
C0023	S4_cd4_cladeCRF	glycosylated	11	11	0.4259171942491875	0.09090909090909091	False	False	False	False	0
C0028	S4_cd4_cladeCRF	glycosylated	14	14	0.4107855963511792	0.0	False	False	False	False	0
C0030	S4_cd4_cladeCRF	glycosylated	16	16	0.3310804344978798	0.0	False	False	False	False	0
C0031	S4_cd4_cladeCRF	glycosylated	15	15	0.4241087289901779	0.0	False	False	False	False	0
C0032	S4_cd4_cladeCRF	glycosylated	19	19	0.4637017483395753	0.05263157894736842	False	False	False	False	0
C0033	S4_cd4_cladeCRF	glycosylated	20	20	0.4670826344739473	0.05	False	False	False	False	0
C0034	S4_cd4_cladeCRF	glycosylated	15	15	0.46336390395825744	0.06666666666666667	False	False	False	False	0
C0035	S4_cd4_cladeCRF	glycosylated	15	15	0.34540382279630855	0.0	False	False	False	False	0
C0037	S4_cd4_cladeCRF	glycosylated	11	11	0.3856547759246834	0.09090909090909091	False	False	False	False	0
C0038	S4_cd4_cladeCRF	glycosylated	9	9	0.5116882903072392	0.1111111111111111	False	False	False	False	0
C0029	S4_cd4_cladeCRF	glycosylated	9	9	0.5533559235794452	0.1111111111111111	False	False	False	False	0
C0040	S4_cd4_cladeCRF	glycosylated	19	19	0.4637017483395753	0.05263157894736842	False	False	False	False	0
C0041	S4_cd4_cladeCRF	glycosylated	15	15	0.4219016768169329	0.06666666666666667	False	False	False	False	0
C0042	S4_cd4_cladeCRF	glycosylated	7	7	0.44597783988582707	0.14285714285714285	False	False	False	False	0
C0043	S4_cd4_cladeCRF	glycosylated	18	18	0.4179355185738887	0.0	False	False	False	False	0
C0044	S4_cd4_cladeCRF	glycosylated	16	16	0.42375306697733955	0.0	False	False	False	False	0
C0039	S4_cd4_cladeCRF	glycosylated	13	13	0.5192746366783019	0.07692307692307693	False	False	False	False	0
C0045	S4_cd4_cladeCRF	glycosylated	7	7	0.44597783988582707	0.14285714285714285	False	False	False	False	0
C0046	S4_cd4_cladeCRF	glycosylated	9	9	0.46247866791062314	0.1111111111111111	False	False	False	False	0
C0048	S4_cd4_cladeCRF	glycosylated	9	9	0.5647118107627839	0.1111111111111111	False	False	False	False	0
C0047	S4_cd4_cladeCRF	glycosylated	21	21	0.48730679936426213	0.047619047619047616	False	False	False	False	0
C0050	S4_cd4_cladeCRF	glycosylated	17	17	0.4118471054448259	0.0	False	False	False	False	0
C0049	S4_cd4_cladeCRF	glycosylated	9	9	0.45819270383135513	0.1111111111111111	False	False	False	False	0
C0052	S4_cd4_cladeCRF	glycosylated	14	14	0.32686095459204595	0.0	False	False	False	False	0
C0051	S4_cd4_cladeCRF	glycosylated	9	9	0.3856710856029953	0.1111111111111111	False	False	False	False	0
C0054	S4_cd4_cladeCRF	glycosylated	8	8	0.5162485392486127	0.125	False	False	False	False	0
C0055	S4_cd4_cladeCRF	glycosylated	18	18	0.4504756243724635	0.05555555555555555	False	False	False	False	0
C0053	S4_cd4_cladeCRF	glycosylated	20	20	0.39499007457109575	0.05	False	False	False	False	0
C0057	S4_cd4_cladeCRF	glycosylated	16	16	0.45357879723358335	0.0	False	False	False	False	0
C0058	S4_cd4_cladeCRF	glycosylated	14	14	0.41030065654802694	0.0	False	False	False	False	0
C0059	S4_cd4_cladeCRF	glycosylated	15	15	0.5112698783586406	0.06666666666666667	False	False	False	False	0
C0056	S4_cd4_cladeCRF	glycosylated	17	17	0.49130881654939823	0.058823529411764705	False	False	False	False	0
C0060	S4_cd4_cladeCRF	glycosylated	21	21	0.4775460002926075	0.047619047619047616	False	False	False	False	0
C0062	S4_cd4_cladeCRF	glycosylated	16	16	0.3635229251331415	0.0	False	False	False	False	0
C0063	S4_cd4_cladeCRF	glycosylated	11	11	0.3856547759246834	0.09090909090909091	False	False	False	False	0
C0064	S4_cd4_cladeCRF	glycosylated	8	8	0.5162485392486127	0.125	False	False	False	False	0
C0065	S4_cd4_cladeCRF	glycosylated	8	8	0.47811886156971556	0.125	False	False	False	False	0
C0066	S4_cd4_cladeCRF	glycosylated	15	15	0.3895315724739386	0.06666666666666667	False	False	False	False	0
C0067	S4_cd4_cladeCRF	glycosylated	19	19	0.3710789566744738	0.0	False	False	False	False	0
C0068	S4_cd4_cladeCRF	glycosylated	20	20	0.475622671009383	0.05	False	False	False	False	0
C0069	S4_cd4_cladeCRF	glycosylated	15	15	0.38446785061197397	0.0	False	False	False	False	0
C0061	S4_cd4_cladeCRF	glycosylated	17	17	0.5151045637817869	0.058823529411764705	False	False	False	False	0
C0070	S4_cd4_cladeCRF	glycosylated	19	19	0.4178275106953607	0.05263157894736842	False	False	False	False	0
C0072	S4_cd4_cladeCRF	glycosylated	15	15	0.441577956283991	0.0	False	False	False	False	0
C0071	S4_cd4_cladeCRF	glycosylated	11	11	0.4711172016883642	0.09090909090909091	False	False	False	False	0
C0073	S4_cd4_cladeCRF	glycosylated	18	18	0.3903813547615018	0.0	False	False	False	False	0
C0074	S4_cd4_cladeCRF	glycosylated	19	19	0.376438310761715	0.0	False	False	False	False	0
C0075	S4_cd4_cladeCRF	glycosylated	19	19	0.4637017483395753	0.05263157894736842	False	False	False	False	0
C0076	S4_cd4_cladeCRF	glycosylated	7	7	0.619061864626472	0.14285714285714285	False	False	False	False	0
C0077	S4_cd4_cladeCRF	glycosylated	8	8	0.5935626477003091	0.125	False	False	False	False	0
C0079	S4_cd4_cladeCRF	glycosylated	11	11	0.3856547759246834	0.09090909090909091	False	False	False	False	0
C0080	S4_cd4_cladeCRF	glycosylated	8	8	0.5162485392486127	0.125	False	False	False	False	0
C0081	S4_cd4_cladeCRF	glycosylated	15	15	0.5024196655798954	0.06666666666666667	False	False	False	False	0
C0078	S4_cd4_cladeCRF	glycosylated	16	16	0.531991512896444	0.125	False	False	False	False	0
C0082	S4_cd4_cladeCRF	glycosylated	14	14	0.3214859268717484	0.0	False	False	False	False	0
C0084	S4_cd4_cladeCRF	glycosylated	19	19	0.4637017483395753	0.05263157894736842	False	False	False	False	0
C0083	S4_cd4_cladeCRF	glycosylated	17	17	0.44526055643848406	0.0	False	False	False	False	0
C0085	S4_cd4_cladeCRF	glycosylated	21	21	0.4822477515127786	0.047619047619047616	False	False	False	False	0
C0086	S4_cd4_cladeCRF	glycosylated	13	13	0.3938621451732542	0.0	False	False	False	False	0
C0087	S4_cd4_cladeCRF	glycosylated	19	19	0.475442219020883	0.05263157894736842	False	False	False	False	0
C0088	S4_cd4_cladeCRF	glycosylated	21	21	0.48730679936426213	0.047619047619047616	False	False	False	False	0
C0091	S4_cd4_cladeCRF	glycosylated	9	9	0.46247866791062314	0.1111111111111111	False	False	False	False	0
C0090	S4_cd4_cladeCRF	glycosylated	15	15	0.49181967829722767	0.06666666666666667	False	False	False	False	0
C0093	S4_cd4_cladeCRF	glycosylated	19	19	0.46906110242681653	0.05263157894736842	False	False	False	False	0
C0092	S4_cd4_cladeCRF	glycosylated	17	17	0.4937251032186478	0.11764705882352941	False	False	False	False	0
C0095	S4_cd4_cladeCRF	glycosylated	12	12	0.3850702832281789	0.0	False	False	False	False	0
C0096	S4_cd4_cladeCRF	glycosylated	16	16	0.418084664719808	0.0	False	False	False	False	0
C0097	S4_cd4_cladeCRF	glycosylated	17	17	0.4759617439115902	0.058823529411764705	False	False	False	False	0
C0098	S4_cd4_cladeCRF	glycosylated	20	20	0.3636965640472267	0.05	False	False	False	False	0
C0099	S4_cd4_cladeCRF	glycosylated	19	19	0.44318986293418183	0.05263157894736842	False	False	False	False	0
C0094	S4_cd4_cladeCRF	glycosylated	22	22	0.4475215931368705	0.045454545454545456	False	False	False	False	0
C0100	S4_cd4_cladeCRF	glycosylated	14	14	0.394212713373321	0.0	False	False	False	False	0
C0101	S4_cd4_cladeCRF	glycosylated	14	14	0.5210183712114612	0.07142857142857142	False	False	False	False	0
C0102	S4_cd4_cladeCRF	glycosylated	20	20	0.4719820346711211	0.05	False	False	False	False	0
C0103	S4_cd4_cladeCRF	glycosylated	19	19	0.4114086059959977	0.05263157894736842	False	False	False	False	0
C0104	S4_cd4_cladeCRF	glycosylated	11	11	0.3856547759246834	0.09090909090909091	False	False	False	False	0
C0105	S4_cd4_cladeCRF	glycosylated	17	17	0.4307690816300582	0.0	False	False	False	False	0
C0107	S4_cd4_cladeCRF	glycosylated	16	16	0.30633199556022955	0.0	False	False	False	False	0
C0108	S4_cd4_cladeCRF	glycosylated	17	17	0.3822092256680648	0.0	False	False	False	False	0
C0109	S4_cd4_cladeCRF	glycosylated	11	11	0.44168116898939297	0.09090909090909091	False	False	False	False	0
C0110	S4_cd4_cladeCRF	glycosylated	16	16	0.44015427828384057	0.0625	False	False	False	False	0
C0111	S4_cd4_cladeCRF	glycosylated	15	15	0.41189778467911414	0.0	False	False	False	False	0
C0112	S4_cd4_cladeCRF	glycosylated	18	18	0.3786652804178503	0.0	False	False	False	False	0
C0113	S4_cd4_cladeCRF	glycosylated	13	13	0.5616574515289294	0.07692307692307693	False	False	False	False	0
C0114	S4_cd4_cladeCRF	glycosylated	19	19	0.4542100347069981	0.05263157894736842	False	False	False	False	0
C0115	S4_cd4_cladeCRF	glycosylated	8	8	0.5180329275985884	0.125	False	False	False	False	0
C0116	S4_cd4_cladeCRF	glycosylated	19	19	0.4637017483395753	0.05263157894736842	False	False	False	False	0
C0117	S4_cd4_cladeCRF	glycosylated	15	15	0.5024196655798953	0.06666666666666667	False	False	False	False	0
C0106	S4_cd4_cladeCRF	glycosylated	22	22	0.4215340062303403	0.045454545454545456	False	False	False	False	0
C0119	S4_cd4_cladeCRF	glycosylated	16	16	0.39825583234947176	0.0	False	False	False	False	0
C0118	S4_cd4_cladeCRF	glycosylated	16	16	0.37933030974426923	0.0	False	False	False	False	0
C0120	S4_cd4_cladeCRF	glycosylated	20	20	0.4666700344270634	0.05	False	False	False	False	0
C0121	S4_cd4_cladeCRF	glycosylated	17	17	0.49840138048598986	0.058823529411764705	False	False	False	False	0
C0122	S4_cd4_cladeCRF	glycosylated	11	11	0.4519506758565113	0.0	False	False	False	False	0
C0123	S4_cd4_cladeCRF	glycosylated	20	20	0.41175908253543597	0.05	False	False	False	False	0
C0124	S4_cd4_cladeCRF	glycosylated	19	19	0.4320904240823015	0.05263157894736842	False	False	False	False	0
C0125	S4_cd4_cladeCRF	glycosylated	21	21	0.4038069544685906	0.047619047619047616	False	False	False	False	0
C0126	S4_cd4_cladeCRF	glycosylated	18	18	0.34592183078228106	0.0	False	False	False	False	0
C0127	S4_cd4_cladeCRF	glycosylated	18	18	0.39660269729839853	0.05555555555555555	False	False	False	False	0
C0129	S4_cd4_cladeCRF	glycosylated	19	19	0.4637017483395753	0.05263157894736842	False	False	False	False	0
C0128	S4_cd4_cladeCRF	glycosylated	17	17	0.39239121972247765	0.058823529411764705	False	False	False	False	0
C0131	S4_cd4_cladeCRF	glycosylated	18	18	0.42769459281410555	0.05555555555555555	False	False	False	False	0
C0130	S4_cd4_cladeCRF	glycosylated	19	19	0.39165155565692833	0.05263157894736842	False	False	False	False	0
C0132	S4_cd4_cladeCRF	glycosylated	14	14	0.35480097719552733	0.0	False	False	False	False	0
C0133	S4_cd4_cladeCRF	glycosylated	14	14	0.4511637506206862	0.07142857142857142	False	False	False	False	0
C0134	S4_cd4_cladeCRF	glycosylated	14	14	0.5210183712114612	0.07142857142857142	False	False	False	False	0
C0136	S4_cd4_cladeCRF	glycosylated	17	17	0.5177724950639899	0.058823529411764705	False	False	False	False	0
C0135	S4_cd4_cladeCRF	glycosylated	16	16	0.5041615585147614	0.0625	False	False	False	False	0
C0137	S4_cd4_cladeCRF	glycosylated	10	10	0.5149969521365299	0.1	False	False	False	False	0
C0139	S4_cd4_cladeCRF	glycosylated	15	15	0.3641159285021975	0.0	False	False	False	False	0
C0138	S4_cd4_cladeCRF	glycosylated	20	20	0.42230354944472237	0.05	False	False	False	False	0
C0140	S4_cd4_cladeCRF	glycosylated	10	10	0.33597723143272074	0.0	False	False	False	False	0
C0142	S4_cd4_cladeCRF	glycosylated	19	19	0.4637017483395753	0.05263157894736842	False	False	False	False	0
C0141	S4_cd4_cladeCRF	glycosylated	19	19	0.35056707126908043	0.0	False	False	False	False	0
C0143	S4_cd4_cladeCRF	glycosylated	20	20	0.4170953073493215	0.0	False	False	False	False	0
C0144	S4_cd4_cladeCRF	glycosylated	10	10	0.41576093894281535	0.1	False	False	False	False	0
C0146	S4_cd4_cladeCRF	glycosylated	6	6	0.6694263097276404	0.16666666666666666	False	False	False	False	0
C0145	S4_cd4_cladeCRF	glycosylated	17	17	0.3705722569209619	0.0	False	False	False	False	0
C0147	S4_cd4_cladeCRF	glycosylated	20	20	0.49125961664733875	0.05	False	False	False	False	0
C0148	S4_cd4_cladeCRF	glycosylated	20	20	0.3982093148178423	0.05	False	False	False	False	0
C0150	S4_cd4_cladeCRF	glycosylated	17	17	0.4188548982370694	0.058823529411764705	False	False	False	False	0
C0149	S4_cd4_cladeCRF	glycosylated	18	18	0.4043152112036639	0.05555555555555555	False	False	False	False	0
C0151	S4_cd4_cladeCRF	glycosylated	21	21	0.44606074968986786	0.047619047619047616	False	False	False	False	0
C0152	S4_cd4_cladeCRF	glycosylated	15	15	0.4308972441673501	0.0	False	False	False	False	0
C0153	S4_cd4_cladeCRF	glycosylated	19	19	0.4637017483395753	0.05263157894736842	False	False	False	False	0
C0154	S4_cd4_cladeCRF	glycosylated	21	21	0.31270466897003407	0.0	False	False	False	False	0
C0155	S4_cd4_cladeCRF	glycosylated	9	9	0.46247866791062314	0.1111111111111111	False	False	False	False	0
C0156	S4_cd4_cladeCRF	glycosylated	20	20	0.46708263447394743	0.05	False	False	False	False	0
C0158	S4_cd4_cladeCRF	glycosylated	17	17	0.4261058086305879	0.058823529411764705	False	False	False	False	0
C0159	S4_cd4_cladeCRF	glycosylated	18	18	0.44847247046437855	0.05555555555555555	False	False	False	False	0
C0157	S4_cd4_cladeCRF	glycosylated	17	17	0.4123339666065296	0.058823529411764705	False	False	False	False	0
C0161	S4_cd4_cladeCRF	glycosylated	11	11	0.3224017942725505	0.0	False	False	False	False	0
C0160	S4_cd4_cladeCRF	glycosylated	11	11	0.4464939539620451	0.09090909090909091	False	False	False	False	0
C0162	S4_cd4_cladeCRF	glycosylated	18	18	0.4271646044948872	0.0	False	False	False	False	0
C0164	S4_cd4_cladeCRF	glycosylated	18	18	0.32353713849946103	0.0	False	False	False	False	0
C0165	S4_cd4_cladeCRF	glycosylated	20	20	0.5001875592339943	0.05	False	False	False	False	0
C0163	S4_cd4_cladeCRF	glycosylated	17	17	0.395212579860286	0.0	False	False	False	False	0
C0167	S4_cd4_cladeCRF	glycosylated	14	14	0.31048868779478844	0.0	False	False	False	False	0
C0168	S4_cd4_cladeCRF	glycosylated	18	18	0.32393426693301647	0.0	False	False	False	False	0
C0166	S4_cd4_cladeCRF	glycosylated	11	11	0.2722414027735404	0.0	False	False	False	False	0
C0001	S1_closed_apo	glycan_free	21	21	0.3579135256161973	0.0	False	False	False	False	0
C0002	S1_closed_apo	glycan_free	16	16	0.31885446080144386	0.0	False	False	False	False	0
C0003	S1_closed_apo	glycan_free	13	13	0.33265019757501235	0.0	False	False	False	False	0
C0004	S1_closed_apo	glycan_free	11	11	0.311903243426664	0.0	False	False	False	False	0
C0006	S1_closed_apo	glycan_free	20	20	0.2503395226802049	0.0	False	False	False	False	0
C0005	S1_closed_apo	glycan_free	19	19	0.255849556305736	0.0	False	False	False	False	0
C0007	S1_closed_apo	glycan_free	14	14	0.4003014414823106	0.0	False	False	False	False	0
C0008	S1_closed_apo	glycan_free	19	19	0.3162042350991992	0.0	False	False	False	False	0
C0009	S1_closed_apo	glycan_free	19	19	0.34879812438848407	0.0	False	False	False	False	0
C0010	S1_closed_apo	glycan_free	15	15	0.349997217315226	0.0	False	False	False	False	0
C0011	S1_closed_apo	glycan_free	16	16	0.47094785620808644	0.0625	False	False	False	False	0
C0012	S1_closed_apo	glycan_free	15	15	0.4922733784969794	0.06666666666666667	False	False	False	False	0
C0014	S1_closed_apo	glycan_free	17	17	0.30172001854805514	0.0	False	False	False	False	0
C0013	S1_closed_apo	glycan_free	13	13	0.581743433594806	0.07692307692307693	False	False	False	False	0
C0015	S1_closed_apo	glycan_free	11	11	0.3108462598582414	0.0	False	False	False	False	0
C0017	S1_closed_apo	glycan_free	21	21	0.23644092995878396	0.0	False	False	False	False	0
C0016	S1_closed_apo	glycan_free	23	23	0.2727883991696388	0.0	False	False	False	False	0
C0018	S1_closed_apo	glycan_free	17	17	0.32864464793096554	0.0	False	False	False	False	0
C0019	S1_closed_apo	glycan_free	16	16	0.3769066354902128	0.0	False	False	False	False	0
C0020	S1_closed_apo	glycan_free	21	21	0.24110257644791327	0.0	False	False	False	False	0
C0021	S1_closed_apo	glycan_free	19	19	0.3682297647783302	0.0	False	False	False	False	0
C0022	S1_closed_apo	glycan_free	16	16	0.45011180677499885	0.0	False	False	False	False	0
C0024	S1_closed_apo	glycan_free	15	15	0.4731224585915517	0.06666666666666667	False	False	False	False	0
C0025	S1_closed_apo	glycan_free	17	17	0.3173860388959478	0.0	False	False	False	False	0
C0026	S1_closed_apo	glycan_free	12	12	0.43075480050776216	0.0	False	False	False	False	0
C0027	S1_closed_apo	glycan_free	14	14	0.43458539207639496	0.07142857142857142	False	False	False	False	0
C0028	S1_closed_apo	glycan_free	11	11	0.6434642501757275	0.09090909090909091	False	False	False	False	0
C0023	S1_closed_apo	glycan_free	26	26	0.3012028473128329	0.0	False	False	False	False	0
C0030	S1_closed_apo	glycan_free	18	18	0.3032812910677804	0.0	False	False	False	False	0
C0031	S1_closed_apo	glycan_free	15	15	0.450289744539271	0.0	False	False	False	False	0
C0032	S1_closed_apo	glycan_free	19	19	0.2965060420948855	0.0	False	False	False	False	0
C0033	S1_closed_apo	glycan_free	22	22	0.26418685700941846	0.0	False	False	False	False	0
C0034	S1_closed_apo	glycan_free	8	8	0.6314185352131074	0.125	False	False	False	False	0
C0035	S1_closed_apo	glycan_free	20	20	0.3379433980703671	0.0	False	False	False	False	0
C0037	S1_closed_apo	glycan_free	7	7	0.7135703387460938	0.14285714285714285	False	False	False	False	0
C0029	S1_closed_apo	glycan_free	28	28	0.32717820025763117	0.0	False	False	False	False	0
C0038	S1_closed_apo	glycan_free	25	25	0.3197492734897442	0.0	False	False	False	False	0
C0040	S1_closed_apo	glycan_free	16	16	0.46922201715894724	0.0625	False	False	False	False	0
C0041	S1_closed_apo	glycan_free	8	8	0.6334591338177054	0.125	False	False	False	False	0
C0042	S1_closed_apo	glycan_free	17	17	0.3113586937437295	0.0	False	False	False	False	0
C0043	S1_closed_apo	glycan_free	15	15	0.4086720113109906	0.06666666666666667	False	False	False	False	0
C0039	S1_closed_apo	glycan_free	24	24	0.30362412777917525	0.0	False	False	False	False	0
C0045	S1_closed_apo	glycan_free	17	17	0.3406669888539926	0.0	False	False	False	False	0
C0044	S1_closed_apo	glycan_free	18	18	0.38425622850399965	0.0	False	False	False	False	0
C0046	S1_closed_apo	glycan_free	8	8	0.6761944715325876	0.125	False	False	False	False	0
C0048	S1_closed_apo	glycan_free	13	13	0.4120589427642151	0.0	False	False	False	False	0
C0047	S1_closed_apo	glycan_free	17	17	0.3242545301690671	0.0	False	False	False	False	0
C0049	S1_closed_apo	glycan_free	17	17	0.45050689978928515	0.058823529411764705	False	False	False	False	0
C0050	S1_closed_apo	glycan_free	14	14	0.47073561315911483	0.07142857142857142	False	False	False	False	0
C0052	S1_closed_apo	glycan_free	16	16	0.3124504065772119	0.0	False	False	False	False	0
C0051	S1_closed_apo	glycan_free	14	14	0.44195252951309894	0.07142857142857142	False	False	False	False	0
C0054	S1_closed_apo	glycan_free	13	13	0.534950326221159	0.07692307692307693	False	False	False	False	0
C0055	S1_closed_apo	glycan_free	20	20	0.3379433980703671	0.0	False	False	False	False	0
C0053	S1_closed_apo	glycan_free	20	20	0.3945431914568274	0.0	False	False	False	False	0
C0057	S1_closed_apo	glycan_free	15	15	0.3118007127589501	0.0	False	False	False	False	0
C0058	S1_closed_apo	glycan_free	17	17	0.31317634425297003	0.0	False	False	False	False	0
C0059	S1_closed_apo	glycan_free	6	6	0.6441851064422387	0.16666666666666666	False	False	False	False	0
C0056	S1_closed_apo	glycan_free	11	11	0.6384216106298981	0.09090909090909091	False	False	False	False	0
C0060	S1_closed_apo	glycan_free	20	20	0.2963265889359178	0.0	False	False	False	False	0
C0062	S1_closed_apo	glycan_free	12	12	0.3261447644004401	0.0	False	False	False	False	0
C0063	S1_closed_apo	glycan_free	20	20	0.28414732792355546	0.0	False	False	False	False	0
C0064	S1_closed_apo	glycan_free	12	12	0.3681514584015186	0.0	False	False	False	False	0
C0065	S1_closed_apo	glycan_free	16	16	0.33102680686291586	0.0	False	False	False	False	0
C0066	S1_closed_apo	glycan_free	20	20	0.28264191568436126	0.0	False	False	False	False	0
C0067	S1_closed_apo	glycan_free	19	19	0.28285487212404176	0.0	False	False	False	False	0
C0068	S1_closed_apo	glycan_free	23	23	0.3007721969170165	0.0	False	False	False	False	0
C0069	S1_closed_apo	glycan_free	20	20	0.3032122059343433	0.0	False	False	False	False	0
C0061	S1_closed_apo	glycan_free	23	23	0.36953816788652677	0.0	False	False	False	False	0
C0070	S1_closed_apo	glycan_free	18	18	0.3391390123611539	0.0	False	False	False	False	0
C0071	S1_closed_apo	glycan_free	8	8	0.6903090148169455	0.125	False	False	False	False	0
C0073	S1_closed_apo	glycan_free	18	18	0.3004482382398919	0.0	False	False	False	False	0
C0072	S1_closed_apo	glycan_free	16	16	0.42220402559867987	0.0625	False	False	False	False	0
C0075	S1_closed_apo	glycan_free	16	16	0.3289911914503104	0.0	False	False	False	False	0
C0074	S1_closed_apo	glycan_free	19	19	0.29979106962997576	0.0	False	False	False	False	0
C0077	S1_closed_apo	glycan_free	15	15	0.3053071842393181	0.0	False	False	False	False	0
C0076	S1_closed_apo	glycan_free	7	7	0.771001228538573	0.14285714285714285	False	False	False	False	0
C0079	S1_closed_apo	glycan_free	8	8	0.6903090148169455	0.125	False	False	False	False	0
C0080	S1_closed_apo	glycan_free	15	15	0.2794030114889432	0.0	False	False	False	False	0
C0081	S1_closed_apo	glycan_free	14	14	0.3845953713163309	0.0	False	False	False	False	0
C0078	S1_closed_apo	glycan_free	19	19	0.28333350002060204	0.0	False	False	False	False	0
C0082	S1_closed_apo	glycan_free	8	8	0.6903090148169455	0.125	False	False	False	False	0
C0084	S1_closed_apo	glycan_free	17	17	0.31037439354658286	0.0	False	False	False	False	0
C0085	S1_closed_apo	glycan_free	19	19	0.2943754241854465	0.0	False	False	False	False	0
C0083	S1_closed_apo	glycan_free	18	18	0.3122685594317984	0.0	False	False	False	False	0
C0086	S1_closed_apo	glycan_free	17	17	0.30172001854805514	0.0	False	False	False	False	0
C0087	S1_closed_apo	glycan_free	24	24	0.3080507946492233	0.0	False	False	False	False	0
C0088	S1_closed_apo	glycan_free	21	21	0.290495215790528	0.0	False	False	False	False	0
C0091	S1_closed_apo	glycan_free	9	9	0.6488163680616696	0.1111111111111111	False	False	False	False	0
C0090	S1_closed_apo	glycan_free	8	8	0.6074920758063689	0.125	False	False	False	False	0
C0093	S1_closed_apo	glycan_free	17	17	0.38240520675104195	0.058823529411764705	False	False	False	False	0
C0092	S1_closed_apo	glycan_free	19	19	0.344071412529273	0.0	False	False	False	False	0
C0095	S1_closed_apo	glycan_free	13	13	0.3494649729058285	0.0	False	False	False	False	0
C0096	S1_closed_apo	glycan_free	21	21	0.2928734952341604	0.0	False	False	False	False	0
C0097	S1_closed_apo	glycan_free	17	17	0.3346396437017743	0.0	False	False	False	False	0
C0098	S1_closed_apo	glycan_free	17	17	0.3468017227133218	0.0	False	False	False	False	0
C0099	S1_closed_apo	glycan_free	20	20	0.2879539159284189	0.0	False	False	False	False	0
C0100	S1_closed_apo	glycan_free	15	15	0.44758334542107153	0.06666666666666667	False	False	False	False	0
C0094	S1_closed_apo	glycan_free	24	24	0.45294558497276416	0.08333333333333333	False	False	False	False	0
C0101	S1_closed_apo	glycan_free	24	24	0.3589941061541584	0.0	False	False	False	False	0
C0103	S1_closed_apo	glycan_free	15	15	0.3482676415257841	0.0	False	False	False	False	0
C0102	S1_closed_apo	glycan_free	21	21	0.2888409075574262	0.0	False	False	False	False	0
C0104	S1_closed_apo	glycan_free	13	13	0.4187385337026196	0.0	False	False	False	False	0
C0105	S1_closed_apo	glycan_free	9	9	0.5233179260926722	0.0	False	False	False	False	0
C0107	S1_closed_apo	glycan_free	14	14	0.3256608842233625	0.0	False	False	False	False	0
C0108	S1_closed_apo	glycan_free	20	20	0.3172522526836024	0.0	False	False	False	False	0
C0109	S1_closed_apo	glycan_free	10	10	0.6062499038339163	0.1	False	False	False	False	0
C0110	S1_closed_apo	glycan_free	18	18	0.23027191934342042	0.0	False	False	False	False	0
C0111	S1_closed_apo	glycan_free	17	17	0.3242545301690671	0.0	False	False	False	False	0
C0112	S1_closed_apo	glycan_free	19	19	0.32255085056196525	0.0	False	False	False	False	0
C0113	S1_closed_apo	glycan_free	11	11	0.6718243153442637	0.18181818181818182	False	False	False	False	0
C0114	S1_closed_apo	glycan_free	19	19	0.2565835187146291	0.0	False	False	False	False	0
C0115	S1_closed_apo	glycan_free	20	20	0.427620056461633	0.05	False	False	False	False	0
C0116	S1_closed_apo	glycan_free	21	21	0.2937997006780123	0.0	False	False	False	False	0
C0117	S1_closed_apo	glycan_free	21	21	0.2816908298453906	0.0	False	False	False	False	0
C0106	S1_closed_apo	glycan_free	27	27	0.3192143506756188	0.0	False	False	False	False	0
C0118	S1_closed_apo	glycan_free	18	18	0.36617460494222787	0.0	False	False	False	False	0
C0119	S1_closed_apo	glycan_free	20	20	0.32145587780215235	0.0	False	False	False	False	0
C0120	S1_closed_apo	glycan_free	20	20	0.3279466141580048	0.0	False	False	False	False	0
C0121	S1_closed_apo	glycan_free	15	15	0.44758334542107153	0.06666666666666667	False	False	False	False	0
C0122	S1_closed_apo	glycan_free	13	13	0.4187385337026196	0.0	False	False	False	False	0
C0123	S1_closed_apo	glycan_free	20	20	0.28375645140328143	0.0	False	False	False	False	0
C0125	S1_closed_apo	glycan_free	14	14	0.4502167704032995	0.07142857142857142	False	False	False	False	0
C0124	S1_closed_apo	glycan_free	15	15	0.35594061243901265	0.0	False	False	False	False	0
C0126	S1_closed_apo	glycan_free	14	14	0.5050015562210287	0.07142857142857142	False	False	False	False	0
C0127	S1_closed_apo	glycan_free	15	15	0.3574204315527892	0.0	False	False	False	False	0
C0128	S1_closed_apo	glycan_free	19	19	0.25072724538757596	0.0	False	False	False	False	0
C0129	S1_closed_apo	glycan_free	15	15	0.44075235424855747	0.06666666666666667	False	False	False	False	0
C0131	S1_closed_apo	glycan_free	15	15	0.34815632232947746	0.0	False	False	False	False	0
C0130	S1_closed_apo	glycan_free	8	8	0.6074920758063689	0.125	False	False	False	False	0
C0132	S1_closed_apo	glycan_free	8	8	0.6903090148169455	0.125	False	False	False	False	0
C0133	S1_closed_apo	glycan_free	8	8	0.6639834456552648	0.125	False	False	False	False	0
C0134	S1_closed_apo	glycan_free	14	14	0.4364106573755059	0.07142857142857142	False	False	False	False	0
C0136	S1_closed_apo	glycan_free	15	15	0.3127303984768813	0.0	False	False	False	False	0
C0135	S1_closed_apo	glycan_free	18	18	0.2747930121552695	0.0	False	False	False	False	0
C0137	S1_closed_apo	glycan_free	7	7	0.7135703387460938	0.14285714285714285	False	False	False	False	0
C0139	S1_closed_apo	glycan_free	16	16	0.3355254795401542	0.0	False	False	False	False	0
C0138	S1_closed_apo	glycan_free	19	19	0.3239975258106382	0.0	False	False	False	False	0
C0140	S1_closed_apo	glycan_free	17	17	0.43721507937936943	0.058823529411764705	False	False	False	False	0
C0142	S1_closed_apo	glycan_free	19	19	0.2613303276495418	0.0	False	False	False	False	0
C0143	S1_closed_apo	glycan_free	15	15	0.38148370931741565	0.0	False	False	False	False	0
C0141	S1_closed_apo	glycan_free	19	19	0.314705582123479	0.0	False	False	False	False	0
C0144	S1_closed_apo	glycan_free	8	8	0.5506421948071287	0.125	False	False	False	False	0
C0146	S1_closed_apo	glycan_free	14	14	0.46952963614433535	0.07142857142857142	False	False	False	False	0
C0145	S1_closed_apo	glycan_free	20	20	0.3214529151356238	0.0	False	False	False	False	0
C0147	S1_closed_apo	glycan_free	17	17	0.30172001854805514	0.0	False	False	False	False	0
C0148	S1_closed_apo	glycan_free	17	17	0.405989260655547	0.058823529411764705	False	False	False	False	0
C0150	S1_closed_apo	glycan_free	17	17	0.3338967204011438	0.0	False	False	False	False	0
C0149	S1_closed_apo	glycan_free	24	24	0.36403751050151295	0.041666666666666664	False	False	False	False	0
C0151	S1_closed_apo	glycan_free	20	20	0.24502844116842826	0.0	False	False	False	False	0
C0152	S1_closed_apo	glycan_free	11	11	0.33611436578249804	0.0	False	False	False	False	0
C0153	S1_closed_apo	glycan_free	16	16	0.46281796293471533	0.0625	False	False	False	False	0
C0154	S1_closed_apo	glycan_free	23	23	0.29463061742775754	0.0	False	False	False	False	0
C0155	S1_closed_apo	glycan_free	15	15	0.39990997519605326	0.0	False	False	False	False	0
C0156	S1_closed_apo	glycan_free	22	22	0.278907636194409	0.0	False	False	False	False	0
C0158	S1_closed_apo	glycan_free	15	15	0.44758334542107153	0.06666666666666667	False	False	False	False	0
C0159	S1_closed_apo	glycan_free	13	13	0.37740774939383814	0.0	False	False	False	False	0
C0157	S1_closed_apo	glycan_free	25	25	0.36700379069424743	0.04	False	False	False	False	0
C0160	S1_closed_apo	glycan_free	12	12	0.6116260759123618	0.08333333333333333	False	False	False	False	0
C0162	S1_closed_apo	glycan_free	15	15	0.30494610836734615	0.0	False	False	False	False	0
C0161	S1_closed_apo	glycan_free	20	20	0.3130084879351743	0.0	False	False	False	False	0
C0164	S1_closed_apo	glycan_free	9	9	0.5878694218139755	0.1111111111111111	False	False	False	False	0
C0165	S1_closed_apo	glycan_free	21	21	0.21587767392210064	0.0	False	False	False	False	0
C0163	S1_closed_apo	glycan_free	16	16	0.46956052578892105	0.0625	False	False	False	False	0
C0167	S1_closed_apo	glycan_free	15	15	0.3127303984768813	0.0	False	False	False	False	0
C0168	S1_closed_apo	glycan_free	16	16	0.30416909200425546	0.0	False	False	False	False	0
C0166	S1_closed_apo	glycan_free	18	18	0.26528523413162586	0.0	False	False	False	False	0
C0001	S1_closed_apo	glycosylated	22	22	0.34380977879978586	0.0	False	False	False	False	0
C0003	S1_closed_apo	glycosylated	13	13	0.33265019757501235	0.0	False	False	False	False	0
C0002	S1_closed_apo	glycosylated	21	21	0.35391007312234024	0.0	False	False	False	False	0
C0004	S1_closed_apo	glycosylated	8	8	0.6903090148169455	0.125	False	False	False	False	0
C0005	S1_closed_apo	glycosylated	19	19	0.255849556305736	0.0	False	False	False	False	0
C0006	S1_closed_apo	glycosylated	20	20	0.2503395226802049	0.0	False	False	False	False	0
C0007	S1_closed_apo	glycosylated	14	14	0.4003014414823106	0.0	False	False	False	False	0
C0009	S1_closed_apo	glycosylated	19	19	0.34879812438848407	0.0	False	False	False	False	0
C0008	S1_closed_apo	glycosylated	19	19	0.3162042350991992	0.0	False	False	False	False	0
C0010	S1_closed_apo	glycosylated	18	18	0.3012568553435352	0.0	False	False	False	False	0
C0011	S1_closed_apo	glycosylated	16	16	0.47094785620808644	0.0625	False	False	False	False	0
C0012	S1_closed_apo	glycosylated	19	19	0.32155478477625743	0.0	False	False	False	False	0
C0014	S1_closed_apo	glycosylated	14	14	0.3321029820636011	0.0	False	False	False	False	0
C0013	S1_closed_apo	glycosylated	23	23	0.33637237915008295	0.0	False	False	False	False	0
C0015	S1_closed_apo	glycosylated	16	16	0.3290955531968478	0.0	False	False	False	False	0
C0017	S1_closed_apo	glycosylated	20	20	0.24688452933203134	0.0	False	False	False	False	0
C0018	S1_closed_apo	glycosylated	17	17	0.32864464793096554	0.0	False	False	False	False	0
C0016	S1_closed_apo	glycosylated	10	10	0.6062499038339163	0.1	False	False	False	False	0
C0019	S1_closed_apo	glycosylated	12	12	0.556414783238644	0.08333333333333333	False	False	False	False	0
C0021	S1_closed_apo	glycosylated	16	16	0.29490780747794104	0.0	False	False	False	False	0
C0020	S1_closed_apo	glycosylated	18	18	0.3617718469395108	0.0	False	False	False	False	0
C0022	S1_closed_apo	glycosylated	18	18	0.4735039304966651	0.0	False	False	False	False	0
C0024	S1_closed_apo	glycosylated	15	15	0.4731224585915517	0.06666666666666667	False	False	False	False	0
C0025	S1_closed_apo	glycosylated	14	14	0.3710554208891662	0.0	False	False	False	False	0
C0026	S1_closed_apo	glycosylated	14	14	0.41970633919919215	0.0	False	False	False	False	0
C0027	S1_closed_apo	glycosylated	19	19	0.3141598701926587	0.0	False	False	False	False	0
C0028	S1_closed_apo	glycosylated	17	17	0.33307640947355754	0.0	False	False	False	False	0
C0023	S1_closed_apo	glycosylated	24	24	0.283415324749309	0.0	False	False	False	False	0
C0030	S1_closed_apo	glycosylated	17	17	0.3072681821351112	0.0	False	False	False	False	0
C0031	S1_closed_apo	glycosylated	16	16	0.4235311857814576	0.0	False	False	False	False	0
C0032	S1_closed_apo	glycosylated	10	10	0.5026736528853513	0.0	False	False	False	False	0
C0033	S1_closed_apo	glycosylated	20	20	0.24433025814769888	0.0	False	False	False	False	0
C0034	S1_closed_apo	glycosylated	8	8	0.6314185352131074	0.125	False	False	False	False	0
C0035	S1_closed_apo	glycosylated	20	20	0.3379433980703671	0.0	False	False	False	False	0
C0037	S1_closed_apo	glycosylated	7	7	0.6623978400952594	0.14285714285714285	False	False	False	False	0
C0029	S1_closed_apo	glycosylated	28	28	0.40499222056163	0.03571428571428571	False	False	False	False	0
C0038	S1_closed_apo	glycosylated	24	24	0.323259487263352	0.0	False	False	False	False	0
C0040	S1_closed_apo	glycosylated	16	16	0.46922201715894724	0.0625	False	False	False	False	0
C0041	S1_closed_apo	glycosylated	12	12	0.36664189098794875	0.0	False	False	False	False	0
C0042	S1_closed_apo	glycosylated	19	19	0.3224451804070238	0.0	False	False	False	False	0
C0043	S1_closed_apo	glycosylated	15	15	0.3170332620368546	0.0	False	False	False	False	0
C0044	S1_closed_apo	glycosylated	17	17	0.4044175226358347	0.0	False	False	False	False	0
C0045	S1_closed_apo	glycosylated	17	17	0.3406669888539926	0.0	False	False	False	False	0
C0039	S1_closed_apo	glycosylated	24	24	0.31846811346839843	0.0	False	False	False	False	0
C0046	S1_closed_apo	glycosylated	9	9	0.6150021434473616	0.1111111111111111	False	False	False	False	0
C0048	S1_closed_apo	glycosylated	13	13	0.4120589427642151	0.0	False	False	False	False	0
C0047	S1_closed_apo	glycosylated	16	16	0.342797379398769	0.0	False	False	False	False	0
C0049	S1_closed_apo	glycosylated	20	20	0.32825861812103435	0.0	False	False	False	False	0
C0050	S1_closed_apo	glycosylated	14	14	0.47073561315911483	0.07142857142857142	False	False	False	False	0
C0052	S1_closed_apo	glycosylated	14	14	0.33348594090992595	0.0	False	False	False	False	0
C0051	S1_closed_apo	glycosylated	9	9	0.6150021434473616	0.1111111111111111	False	False	False	False	0
C0054	S1_closed_apo	glycosylated	7	7	0.7135703387460938	0.14285714285714285	False	False	False	False	0
C0055	S1_closed_apo	glycosylated	14	14	0.4502167704032995	0.07142857142857142	False	False	False	False	0
C0053	S1_closed_apo	glycosylated	25	25	0.31909547545808375	0.0	False	False	False	False	0
C0057	S1_closed_apo	glycosylated	15	15	0.29899375956781066	0.0	False	False	False	False	0
C0058	S1_closed_apo	glycosylated	19	19	0.25691194393887085	0.0	False	False	False	False	0
C0056	S1_closed_apo	glycosylated	9	9	0.5878694218139755	0.1111111111111111	False	False	False	False	0
C0059	S1_closed_apo	glycosylated	9	9	0.7142876744370741	0.1111111111111111	False	False	False	False	0
C0060	S1_closed_apo	glycosylated	16	16	0.290199060838937	0.0	False	False	False	False	0
C0062	S1_closed_apo	glycosylated	17	17	0.3156623379047972	0.0	False	False	False	False	0
C0063	S1_closed_apo	glycosylated	17	17	0.4051157651532366	0.058823529411764705	False	False	False	False	0
C0064	S1_closed_apo	glycosylated	8	8	0.5357666706141211	0.125	False	False	False	False	0
C0065	S1_closed_apo	glycosylated	15	15	0.39116321678801846	0.0	False	False	False	False	0
C0066	S1_closed_apo	glycosylated	21	21	0.2754543767482557	0.0	False	False	False	False	0
C0067	S1_closed_apo	glycosylated	19	19	0.28285487212404176	0.0	False	False	False	False	0
C0068	S1_closed_apo	glycosylated	23	23	0.3007721969170165	0.0	False	False	False	False	0
C0069	S1_closed_apo	glycosylated	20	20	0.3032122059343433	0.0	False	False	False	False	0
C0070	S1_closed_apo	glycosylated	22	22	0.322788694402551	0.0	False	False	False	False	0
C0061	S1_closed_apo	glycosylated	24	24	0.32347666676343095	0.0	False	False	False	False	0
C0072	S1_closed_apo	glycosylated	9	9	0.6150021434473616	0.1111111111111111	False	False	False	False	0
C0071	S1_closed_apo	glycosylated	10	10	0.6062499038339163	0.1	False	False	False	False	0
C0073	S1_closed_apo	glycosylated	8	8	0.6761944715325876	0.125	False	False	False	False	0
C0074	S1_closed_apo	glycosylated	20	20	0.2910746920867546	0.0	False	False	False	False	0
C0075	S1_closed_apo	glycosylated	16	16	0.28761003550025177	0.0	False	False	False	False	0
C0076	S1_closed_apo	glycosylated	18	18	0.48084952913506585	0.05555555555555555	False	False	False	False	0
C0077	S1_closed_apo	glycosylated	16	16	0.37120487166664257	0.0	False	False	False	False	0
C0079	S1_closed_apo	glycosylated	9	9	0.6488163680616696	0.1111111111111111	False	False	False	False	0
C0080	S1_closed_apo	glycosylated	15	15	0.38148370931741565	0.0	False	False	False	False	0
C0081	S1_closed_apo	glycosylated	14	14	0.3845953713163309	0.0	False	False	False	False	0
C0078	S1_closed_apo	glycosylated	16	16	0.3880696818333462	0.0	False	False	False	False	0
C0082	S1_closed_apo	glycosylated	18	18	0.45069150017357473	0.05555555555555555	False	False	False	False	0
C0084	S1_closed_apo	glycosylated	15	15	0.38148370931741565	0.0	False	False	False	False	0
C0083	S1_closed_apo	glycosylated	19	19	0.30856829098838745	0.0	False	False	False	False	0
C0085	S1_closed_apo	glycosylated	15	15	0.3916613829606493	0.0	False	False	False	False	0
C0086	S1_closed_apo	glycosylated	17	17	0.31070031882149657	0.0	False	False	False	False	0
C0088	S1_closed_apo	glycosylated	21	21	0.290495215790528	0.0	False	False	False	False	0
C0087	S1_closed_apo	glycosylated	18	18	0.32496512501469743	0.0	False	False	False	False	0
C0090	S1_closed_apo	glycosylated	15	15	0.3426938310744333	0.0	False	False	False	False	0
C0091	S1_closed_apo	glycosylated	16	16	0.42386969441143135	0.0	False	False	False	False	0
C0093	S1_closed_apo	glycosylated	17	17	0.31070031882149657	0.0	False	False	False	False	0
C0092	S1_closed_apo	glycosylated	19	19	0.41974080753396353	0.05263157894736842	False	False	False	False	0
C0095	S1_closed_apo	glycosylated	10	10	0.6495157969615971	0.1	False	False	False	False	0
C0096	S1_closed_apo	glycosylated	14	14	0.3629370465130469	0.0	False	False	False	False	0
C0097	S1_closed_apo	glycosylated	18	18	0.3233654189420172	0.0	False	False	False	False	0
C0098	S1_closed_apo	glycosylated	21	21	0.30264425303556464	0.0	False	False	False	False	0
C0099	S1_closed_apo	glycosylated	14	14	0.4502167704032995	0.07142857142857142	False	False	False	False	0
C0094	S1_closed_apo	glycosylated	24	24	0.3232539650921264	0.0	False	False	False	False	0
C0100	S1_closed_apo	glycosylated	19	19	0.27817176107410974	0.0	False	False	False	False	0
C0102	S1_closed_apo	glycosylated	20	20	0.2915077457891396	0.0	False	False	False	False	0
C0101	S1_closed_apo	glycosylated	23	23	0.3266931583592794	0.0	False	False	False	False	0
C0103	S1_closed_apo	glycosylated	13	13	0.44071664176207825	0.0	False	False	False	False	0
C0104	S1_closed_apo	glycosylated	9	9	0.6488163680616696	0.1111111111111111	False	False	False	False	0
C0105	S1_closed_apo	glycosylated	14	14	0.45218915788802994	0.07142857142857142	False	False	False	False	0
C0107	S1_closed_apo	glycosylated	15	15	0.3249390080134884	0.0	False	False	False	False	0
C0108	S1_closed_apo	glycosylated	15	15	0.44758334542107153	0.06666666666666667	False	False	False	False	0
C0109	S1_closed_apo	glycosylated	10	10	0.613695047906013	0.1	False	False	False	False	0
C0110	S1_closed_apo	glycosylated	18	18	0.23027191934342042	0.0	False	False	False	False	0
C0111	S1_closed_apo	glycosylated	17	17	0.3242545301690671	0.0	False	False	False	False	0
C0112	S1_closed_apo	glycosylated	8	8	0.5357666706141211	0.125	False	False	False	False	0
C0113	S1_closed_apo	glycosylated	11	11	0.4554932873010244	0.09090909090909091	False	False	False	False	0
C0114	S1_closed_apo	glycosylated	17	17	0.3129786275830728	0.0	False	False	False	False	0
C0115	S1_closed_apo	glycosylated	20	20	0.26751978133417204	0.0	False	False	False	False	0
C0116	S1_closed_apo	glycosylated	21	21	0.2937997006780123	0.0	False	False	False	False	0
C0106	S1_closed_apo	glycosylated	30	30	0.39437155850895983	0.06666666666666667	False	False	False	False	0
C0117	S1_closed_apo	glycosylated	17	17	0.4042954542256503	0.058823529411764705	False	False	False	False	0
C0119	S1_closed_apo	glycosylated	20	20	0.32145587780215235	0.0	False	False	False	False	0
C0118	S1_closed_apo	glycosylated	18	18	0.31687851051740457	0.0	False	False	False	False	0
C0120	S1_closed_apo	glycosylated	21	21	0.3318879847061893	0.0	False	False	False	False	0
C0121	S1_closed_apo	glycosylated	15	15	0.4843676325203456	0.06666666666666667	False	False	False	False	0
C0122	S1_closed_apo	glycosylated	9	9	0.5878694218139755	0.1111111111111111	False	False	False	False	0
C0123	S1_closed_apo	glycosylated	20	20	0.28375645140328143	0.0	False	False	False	False	0
C0124	S1_closed_apo	glycosylated	19	19	0.4149939985990508	0.05263157894736842	False	False	False	False	0
C0125	S1_closed_apo	glycosylated	14	14	0.4502167704032995	0.07142857142857142	False	False	False	False	0
C0126	S1_closed_apo	glycosylated	18	18	0.41683140483446274	0.05555555555555555	False	False	False	False	0
C0127	S1_closed_apo	glycosylated	22	22	0.2992458270992129	0.0	False	False	False	False	0
C0129	S1_closed_apo	glycosylated	18	18	0.30125685534353525	0.0	False	False	False	False	0
C0128	S1_closed_apo	glycosylated	19	19	0.25072724538757596	0.0	False	False	False	False	0
C0131	S1_closed_apo	glycosylated	15	15	0.34815632232947746	0.0	False	False	False	False	0
C0130	S1_closed_apo	glycosylated	12	12	0.3325215336292803	0.0	False	False	False	False	0
C0132	S1_closed_apo	glycosylated	9	9	0.5878694218139755	0.1111111111111111	False	False	False	False	0
C0133	S1_closed_apo	glycosylated	7	7	0.7135703387460938	0.14285714285714285	False	False	False	False	0
C0134	S1_closed_apo	glycosylated	14	14	0.4364106573755059	0.07142857142857142	False	False	False	False	0
C0135	S1_closed_apo	glycosylated	14	14	0.4502167704032995	0.07142857142857142	False	False	False	False	0
C0136	S1_closed_apo	glycosylated	15	15	0.3127303984768813	0.0	False	False	False	False	0
C0137	S1_closed_apo	glycosylated	7	7	0.7135703387460938	0.14285714285714285	False	False	False	False	0
C0139	S1_closed_apo	glycosylated	15	15	0.3254901553832347	0.0	False	False	False	False	0
C0138	S1_closed_apo	glycosylated	19	19	0.3279627861382205	0.0	False	False	False	False	0
C0140	S1_closed_apo	glycosylated	18	18	0.3037851537904051	0.0	False	False	False	False	0
C0142	S1_closed_apo	glycosylated	19	19	0.3263987403090231	0.0	False	False	False	False	0
C0143	S1_closed_apo	glycosylated	17	17	0.4432424245315878	0.058823529411764705	False	False	False	False	0
C0141	S1_closed_apo	glycosylated	19	19	0.314705582123479	0.0	False	False	False	False	0
C0144	S1_closed_apo	glycosylated	7	7	0.6623978400952594	0.14285714285714285	False	False	False	False	0
C0145	S1_closed_apo	glycosylated	20	20	0.3214529151356238	0.0	False	False	False	False	0
C0146	S1_closed_apo	glycosylated	8	8	0.6639834456552648	0.125	False	False	False	False	0
C0147	S1_closed_apo	glycosylated	21	21	0.3238417383497068	0.0	False	False	False	False	0
C0148	S1_closed_apo	glycosylated	21	21	0.3312239234790956	0.0	False	False	False	False	0
C0150	S1_closed_apo	glycosylated	16	16	0.46423251594164616	0.0625	False	False	False	False	0
C0149	S1_closed_apo	glycosylated	23	23	0.3022436355327995	0.0	False	False	False	False	0
C0151	S1_closed_apo	glycosylated	16	16	0.31885446080144386	0.0	False	False	False	False	0
C0152	S1_closed_apo	glycosylated	12	12	0.35929770442663705	0.0	False	False	False	False	0
C0153	S1_closed_apo	glycosylated	18	18	0.3372314879732774	0.0	False	False	False	False	0
C0155	S1_closed_apo	glycosylated	18	18	0.29765960595813595	0.0	False	False	False	False	0
C0154	S1_closed_apo	glycosylated	19	19	0.3031672021639664	0.0	False	False	False	False	0
C0156	S1_closed_apo	glycosylated	16	16	0.4517837798062138	0.0625	False	False	False	False	0
C0158	S1_closed_apo	glycosylated	20	20	0.32145587780215235	0.0	False	False	False	False	0
C0159	S1_closed_apo	glycosylated	9	9	0.6689656104891845	0.1111111111111111	False	False	False	False	0
C0157	S1_closed_apo	glycosylated	23	23	0.24292620593721023	0.0	False	False	False	False	0
C0160	S1_closed_apo	glycosylated	15	15	0.3157862179864832	0.0	False	False	False	False	0
C0161	S1_closed_apo	glycosylated	20	20	0.3130084879351743	0.0	False	False	False	False	0
C0162	S1_closed_apo	glycosylated	15	15	0.30494610836734615	0.0	False	False	False	False	0
C0164	S1_closed_apo	glycosylated	20	20	0.28375645140328143	0.0	False	False	False	False	0
C0165	S1_closed_apo	glycosylated	15	15	0.35594061243901265	0.0	False	False	False	False	0
C0163	S1_closed_apo	glycosylated	21	21	0.33588940648842236	0.0	False	False	False	False	0
C0167	S1_closed_apo	glycosylated	9	9	0.5878694218139755	0.1111111111111111	False	False	False	False	0
C0168	S1_closed_apo	glycosylated	16	16	0.30416909200425546	0.0	False	False	False	False	0
C0001	S2_closed_holo	glycan_free	18	18	0.280445787521061	0.0	False	False	False	False	0
C0166	S1_closed_apo	glycosylated	19	19	0.2523229589955636	0.0	False	False	False	False	0
C0002	S2_closed_holo	glycan_free	18	18	0.45791822563354906	0.05555555555555555	False	False	False	False	0
C0003	S2_closed_holo	glycan_free	17	17	0.39512293702212936	0.058823529411764705	False	False	False	False	0
C0004	S2_closed_holo	glycan_free	16	16	0.4910441761446053	0.0625	False	False	False	False	0
C0005	S2_closed_holo	glycan_free	15	15	0.3919956076803222	0.0	False	False	False	False	0
C0006	S2_closed_holo	glycan_free	17	17	0.4319218315184974	0.058823529411764705	False	False	False	False	0
C0007	S2_closed_holo	glycan_free	15	15	0.25780517991684715	0.0	False	False	False	False	0
C0008	S2_closed_holo	glycan_free	17	17	0.4404673269354227	0.058823529411764705	False	False	False	False	0
C0009	S2_closed_holo	glycan_free	16	16	0.43120483038412105	0.0625	False	False	False	False	0
C0010	S2_closed_holo	glycan_free	17	17	0.4099398120974287	0.058823529411764705	False	False	False	False	0
C0011	S2_closed_holo	glycan_free	17	17	0.42341105500797	0.058823529411764705	False	False	False	False	0
C0012	S2_closed_holo	glycan_free	17	17	0.4338181804839797	0.058823529411764705	False	False	False	False	0
C0014	S2_closed_holo	glycan_free	16	16	0.2633806284193029	0.0	False	False	False	False	0
C0015	S2_closed_holo	glycan_free	17	17	0.4099398120974287	0.058823529411764705	False	False	False	False	0
C0013	S2_closed_holo	glycan_free	19	19	0.4367837743792612	0.05263157894736842	False	False	False	False	0
C0017	S2_closed_holo	glycan_free	15	15	0.5431555874435453	0.13333333333333333	False	False	False	False	0
C0018	S2_closed_holo	glycan_free	16	16	0.3735528132941652	0.0625	False	False	False	False	0
C0016	S2_closed_holo	glycan_free	20	20	0.4417005049681145	0.05	False	False	False	False	0
C0019	S2_closed_holo	glycan_free	18	18	0.46192490532030295	0.05555555555555555	False	False	False	False	0
C0020	S2_closed_holo	glycan_free	18	18	0.35083905242903923	0.05555555555555555	False	False	False	False	0
C0021	S2_closed_holo	glycan_free	17	17	0.43302753617617723	0.058823529411764705	False	False	False	False	0
C0022	S2_closed_holo	glycan_free	21	21	0.28876710165657393	0.0	False	False	False	False	0
C0024	S2_closed_holo	glycan_free	16	16	0.4325841068750714	0.0625	False	False	False	False	0
C0025	S2_closed_holo	glycan_free	16	16	0.43120483038412105	0.0625	False	False	False	False	0
C0026	S2_closed_holo	glycan_free	16	16	0.19993983937672896	0.0	False	False	False	False	0
C0027	S2_closed_holo	glycan_free	16	16	0.44483329072077604	0.0625	False	False	False	False	0
C0028	S2_closed_holo	glycan_free	18	18	0.3906019166678312	0.05555555555555555	False	False	False	False	0
C0023	S2_closed_holo	glycan_free	25	25	0.46679559075270044	0.08	False	False	False	False	0
C0030	S2_closed_holo	glycan_free	16	16	0.4216140674920096	0.0625	False	False	False	False	0
C0031	S2_closed_holo	glycan_free	19	19	0.44011996796950514	0.05263157894736842	False	False	False	False	0
C0032	S2_closed_holo	glycan_free	15	15	0.4477026371891456	0.06666666666666667	False	False	False	False	0
C0033	S2_closed_holo	glycan_free	16	16	0.4007518159633404	0.0625	False	False	False	False	0
C0034	S2_closed_holo	glycan_free	14	14	0.31306796317179314	0.0	False	False	False	False	0
C0035	S2_closed_holo	glycan_free	15	15	0.37191876374159344	0.0	False	False	False	False	0
C0037	S2_closed_holo	glycan_free	13	13	0.5015841019873322	0.07692307692307693	False	False	False	False	0
C0038	S2_closed_holo	glycan_free	21	21	0.3866219980078787	0.047619047619047616	False	False	False	False	0
C0029	S2_closed_holo	glycan_free	19	19	0.5016494141451776	0.10526315789473684	False	False	False	False	0
C0040	S2_closed_holo	glycan_free	14	14	0.5421458511512341	0.14285714285714285	False	False	False	False	0
C0041	S2_closed_holo	glycan_free	13	13	0.36910291036952797	0.0	False	False	False	False	0
C0042	S2_closed_holo	glycan_free	16	16	0.365699935294305	0.0	False	False	False	False	0
C0039	S2_closed_holo	glycan_free	21	21	0.3708237274249468	0.047619047619047616	False	False	False	False	0
C0043	S2_closed_holo	glycan_free	16	16	0.4162953923483824	0.0625	False	False	False	False	0
C0045	S2_closed_holo	glycan_free	14	14	0.5019670636922832	0.07142857142857142	False	False	False	False	0
C0046	S2_closed_holo	glycan_free	15	15	0.3772170025939593	0.0	False	False	False	False	0
C0044	S2_closed_holo	glycan_free	21	21	0.35644569472083004	0.047619047619047616	False	False	False	False	0
C0048	S2_closed_holo	glycan_free	16	16	0.3943490424684522	0.0625	False	False	False	False	0
C0047	S2_closed_holo	glycan_free	17	17	0.4179460846064644	0.058823529411764705	False	False	False	False	0
C0050	S2_closed_holo	glycan_free	16	16	0.4416661587590929	0.0625	False	False	False	False	0
C0049	S2_closed_holo	glycan_free	16	16	0.4279526972414581	0.0625	False	False	False	False	0
C0052	S2_closed_holo	glycan_free	13	13	0.4497394991113091	0.07692307692307693	False	False	False	False	0
C0051	S2_closed_holo	glycan_free	15	15	0.39213121935843803	0.0	False	False	False	False	0
C0054	S2_closed_holo	glycan_free	13	13	0.5264169501306759	0.07692307692307693	False	False	False	False	0
C0055	S2_closed_holo	glycan_free	15	15	0.4477026371891456	0.06666666666666667	False	False	False	False	0
C0053	S2_closed_holo	glycan_free	23	23	0.31527247838105094	0.043478260869565216	False	False	False	False	0
C0056	S2_closed_holo	glycan_free	20	20	0.37500358561911373	0.05	False	False	False	False	0
C0057	S2_closed_holo	glycan_free	17	17	0.3266853071687523	0.0	False	False	False	False	0
C0058	S2_closed_holo	glycan_free	17	17	0.43381818048397974	0.058823529411764705	False	False	False	False	0
C0059	S2_closed_holo	glycan_free	15	15	0.447516606138839	0.06666666666666667	False	False	False	False	0
C0060	S2_closed_holo	glycan_free	15	15	0.38559340579381013	0.06666666666666667	False	False	False	False	0
C0062	S2_closed_holo	glycan_free	14	14	0.3741102440979212	0.0	False	False	False	False	0
C0063	S2_closed_holo	glycan_free	20	20	0.41366651065391674	0.05	False	False	False	False	0
C0064	S2_closed_holo	glycan_free	14	14	0.4829607876996501	0.07142857142857142	False	False	False	False	0
C0065	S2_closed_holo	glycan_free	16	16	0.33486469183296896	0.0	False	False	False	False	0
C0066	S2_closed_holo	glycan_free	19	19	0.4367837743792612	0.05263157894736842	False	False	False	False	0
C0067	S2_closed_holo	glycan_free	17	17	0.36232055839947347	0.0	False	False	False	False	0
C0068	S2_closed_holo	glycan_free	18	18	0.35616609388468756	0.05555555555555555	False	False	False	False	0
C0069	S2_closed_holo	glycan_free	16	16	0.44084467751985223	0.0625	False	False	False	False	0
C0061	S2_closed_holo	glycan_free	25	25	0.3682365883812142	0.04	False	False	False	False	0
C0071	S2_closed_holo	glycan_free	16	16	0.2504510561307012	0.0	False	False	False	False	0
C0070	S2_closed_holo	glycan_free	17	17	0.45992133493744525	0.058823529411764705	False	False	False	False	0
C0072	S2_closed_holo	glycan_free	16	16	0.3852669905844307	0.0625	False	False	False	False	0
C0073	S2_closed_holo	glycan_free	16	16	0.3600321104663192	0.0	False	False	False	False	0
C0074	S2_closed_holo	glycan_free	21	21	0.4158497533248751	0.047619047619047616	False	False	False	False	0
C0075	S2_closed_holo	glycan_free	20	20	0.4173261404430556	0.05	False	False	False	False	0
C0076	S2_closed_holo	glycan_free	16	16	0.28921815638897597	0.0	False	False	False	False	0
C0077	S2_closed_holo	glycan_free	16	16	0.28715320038295467	0.0	False	False	False	False	0
C0079	S2_closed_holo	glycan_free	12	12	0.30782491950907126	0.0	False	False	False	False	0
C0080	S2_closed_holo	glycan_free	18	18	0.45791822563354906	0.05555555555555555	False	False	False	False	0
C0078	S2_closed_holo	glycan_free	21	21	0.399625269645285	0.047619047619047616	False	False	False	False	0
C0081	S2_closed_holo	glycan_free	18	18	0.33639343876649785	0.05555555555555555	False	False	False	False	0
C0082	S2_closed_holo	glycan_free	19	19	0.3663773943204756	0.05263157894736842	False	False	False	False	0
C0084	S2_closed_holo	glycan_free	18	18	0.3983696270890396	0.05555555555555555	False	False	False	False	0
C0083	S2_closed_holo	glycan_free	21	21	0.41214344746247483	0.047619047619047616	False	False	False	False	0
C0085	S2_closed_holo	glycan_free	18	18	0.4250512035498125	0.05555555555555555	False	False	False	False	0
C0086	S2_closed_holo	glycan_free	19	19	0.3429737885744136	0.05263157894736842	False	False	False	False	0
C0088	S2_closed_holo	glycan_free	19	19	0.4230669621462601	0.05263157894736842	False	False	False	False	0
C0087	S2_closed_holo	glycan_free	21	21	0.3304133947282904	0.047619047619047616	False	False	False	False	0
C0090	S2_closed_holo	glycan_free	14	14	0.33874924943648876	0.0	False	False	False	False	0
C0091	S2_closed_holo	glycan_free	19	19	0.3941925394215856	0.05263157894736842	False	False	False	False	0
C0093	S2_closed_holo	glycan_free	16	16	0.4162953923483824	0.0625	False	False	False	False	0
C0092	S2_closed_holo	glycan_free	22	22	0.35227657393521333	0.045454545454545456	False	False	False	False	0
C0095	S2_closed_holo	glycan_free	13	13	0.47308907845820386	0.07692307692307693	False	False	False	False	0
C0096	S2_closed_holo	glycan_free	19	19	0.4367837743792612	0.05263157894736842	False	False	False	False	0
C0097	S2_closed_holo	glycan_free	19	19	0.4192837424308453	0.05263157894736842	False	False	False	False	0
C0098	S2_closed_holo	glycan_free	19	19	0.3703009847541644	0.05263157894736842	False	False	False	False	0
C0099	S2_closed_holo	glycan_free	16	16	0.4739474094383383	0.0625	False	False	False	False	0
C0100	S2_closed_holo	glycan_free	17	17	0.4786274929418206	0.058823529411764705	False	False	False	False	0
C0101	S2_closed_holo	glycan_free	17	17	0.43518587708871764	0.058823529411764705	False	False	False	False	0
C0102	S2_closed_holo	glycan_free	20	20	0.3692517929778175	0.05	False	False	False	False	0
C0103	S2_closed_holo	glycan_free	18	18	0.4128484844460965	0.05555555555555555	False	False	False	False	0
C0094	S2_closed_holo	glycan_free	20	20	0.3324655811143435	0.0	False	False	False	False	0
C0105	S2_closed_holo	glycan_free	14	14	0.4776155194526604	0.07142857142857142	False	False	False	False	0
C0104	S2_closed_holo	glycan_free	17	17	0.27551778638824653	0.0	False	False	False	False	0
C0107	S2_closed_holo	glycan_free	17	17	0.31409632541100363	0.0	False	False	False	False	0
C0108	S2_closed_holo	glycan_free	17	17	0.43381818048397974	0.058823529411764705	False	False	False	False	0
C0109	S2_closed_holo	glycan_free	16	16	0.45240452619384286	0.0625	False	False	False	False	0
C0110	S2_closed_holo	glycan_free	14	14	0.3621968102420601	0.0	False	False	False	False	0
C0111	S2_closed_holo	glycan_free	16	16	0.38984152782085413	0.0625	False	False	False	False	0
C0112	S2_closed_holo	glycan_free	18	18	0.39029669208102047	0.05555555555555555	False	False	False	False	0
C0113	S2_closed_holo	glycan_free	18	18	0.449516135868831	0.05555555555555555	False	False	False	False	0
C0114	S2_closed_holo	glycan_free	17	17	0.4319218315184974	0.058823529411764705	False	False	False	False	0
C0115	S2_closed_holo	glycan_free	18	18	0.4751719010451611	0.05555555555555555	False	False	False	False	0
C0116	S2_closed_holo	glycan_free	15	15	0.4477026371891456	0.06666666666666667	False	False	False	False	0
C0117	S2_closed_holo	glycan_free	18	18	0.41685516413285023	0.05555555555555555	False	False	False	False	0
C0118	S2_closed_holo	glycan_free	19	19	0.42224128992563403	0.05263157894736842	False	False	False	False	0
C0119	S2_closed_holo	glycan_free	17	17	0.2896807398994489	0.0	False	False	False	False	0
C0120	S2_closed_holo	glycan_free	13	13	0.38081922254794787	0.0	False	False	False	False	0
C0121	S2_closed_holo	glycan_free	17	17	0.4032601708871745	0.058823529411764705	False	False	False	False	0
C0106	S2_closed_holo	glycan_free	27	27	0.4323214304683203	0.07407407407407407	False	False	False	False	0
C0122	S2_closed_holo	glycan_free	17	17	0.27551778638824653	0.0	False	False	False	False	0
C0123	S2_closed_holo	glycan_free	15	15	0.4424759424342898	0.06666666666666667	False	False	False	False	0
C0124	S2_closed_holo	glycan_free	15	15	0.4297142618612949	0.06666666666666667	False	False	False	False	0
C0125	S2_closed_holo	glycan_free	18	18	0.33915750080007406	0.05555555555555555	False	False	False	False	0
C0126	S2_closed_holo	glycan_free	19	19	0.4367837743792612	0.05263157894736842	False	False	False	False	0
C0127	S2_closed_holo	glycan_free	16	16	0.43120483038412105	0.0625	False	False	False	False	0
C0129	S2_closed_holo	glycan_free	16	16	0.44698483390272004	0.0625	False	False	False	False	0
C0128	S2_closed_holo	glycan_free	17	17	0.3445910209405677	0.058823529411764705	False	False	False	False	0
C0131	S2_closed_holo	glycan_free	16	16	0.47773023387514935	0.0625	False	False	False	False	0
C0130	S2_closed_holo	glycan_free	13	13	0.43076585906146714	0.07692307692307693	False	False	False	False	0
C0132	S2_closed_holo	glycan_free	17	17	0.4266248595003764	0.058823529411764705	False	False	False	False	0
C0133	S2_closed_holo	glycan_free	16	16	0.25327405501139133	0.0	False	False	False	False	0
C0134	S2_closed_holo	glycan_free	16	16	0.3788714884377923	0.0625	False	False	False	False	0
C0135	S2_closed_holo	glycan_free	16	16	0.4279526972414581	0.0625	False	False	False	False	0
C0136	S2_closed_holo	glycan_free	17	17	0.4433575192292518	0.058823529411764705	False	False	False	False	0
C0137	S2_closed_holo	glycan_free	14	14	0.37385877710434634	0.0	False	False	False	False	0
C0139	S2_closed_holo	glycan_free	14	14	0.49627331978335665	0.07142857142857142	False	False	False	False	0
C0138	S2_closed_holo	glycan_free	18	18	0.4336104164380387	0.05555555555555555	False	False	False	False	0
C0140	S2_closed_holo	glycan_free	19	19	0.4106795224382389	0.05263157894736842	False	False	False	False	0
C0142	S2_closed_holo	glycan_free	15	15	0.4477026371891456	0.06666666666666667	False	False	False	False	0
C0141	S2_closed_holo	glycan_free	19	19	0.43632416616100156	0.05263157894736842	False	False	False	False	0
C0143	S2_closed_holo	glycan_free	18	18	0.4434393682764922	0.05555555555555555	False	False	False	False	0
C0144	S2_closed_holo	glycan_free	18	18	0.3983696270890396	0.05555555555555555	False	False	False	False	0
C0146	S2_closed_holo	glycan_free	15	15	0.41861846026437444	0.06666666666666667	False	False	False	False	0
C0145	S2_closed_holo	glycan_free	17	17	0.4542917725567463	0.058823529411764705	False	False	False	False	0
C0147	S2_closed_holo	glycan_free	19	19	0.43632416616100156	0.05263157894736842	False	False	False	False	0
C0148	S2_closed_holo	glycan_free	21	21	0.3386746544881595	0.047619047619047616	False	False	False	False	0
C0150	S2_closed_holo	glycan_free	18	18	0.3736481305092156	0.05555555555555555	False	False	False	False	0
C0149	S2_closed_holo	glycan_free	18	18	0.35666061602677945	0.05555555555555555	False	False	False	False	0
C0151	S2_closed_holo	glycan_free	17	17	0.4727483476023486	0.058823529411764705	False	False	False	False	0
C0152	S2_closed_holo	glycan_free	14	14	0.36273712083866344	0.0	False	False	False	False	0
C0153	S2_closed_holo	glycan_free	16	16	0.4434943950175577	0.0625	False	False	False	False	0
C0155	S2_closed_holo	glycan_free	20	20	0.4215930335463917	0.05	False	False	False	False	0
C0154	S2_closed_holo	glycan_free	20	20	0.41366651065391674	0.05	False	False	False	False	0
C0156	S2_closed_holo	glycan_free	18	18	0.4163700221246872	0.05555555555555555	False	False	False	False	0
C0158	S2_closed_holo	glycan_free	18	18	0.280445787521061	0.0	False	False	False	False	0
C0159	S2_closed_holo	glycan_free	16	16	0.44806893225398114	0.0625	False	False	False	False	0
C0160	S2_closed_holo	glycan_free	19	19	0.3221435730140982	0.0	False	False	False	False	0
C0161	S2_closed_holo	glycan_free	19	19	0.3897742747316898	0.05263157894736842	False	False	False	False	0
C0157	S2_closed_holo	glycan_free	24	24	0.38386564730485956	0.041666666666666664	False	False	False	False	0
C0162	S2_closed_holo	glycan_free	16	16	0.40469075891488915	0.0625	False	False	False	False	0
C0164	S2_closed_holo	glycan_free	19	19	0.4106795224382389	0.05263157894736842	False	False	False	False	0
C0165	S2_closed_holo	glycan_free	17	17	0.43192183151849733	0.058823529411764705	False	False	False	False	0
C0163	S2_closed_holo	glycan_free	16	16	0.3291833057886468	0.0	False	False	False	False	0
C0167	S2_closed_holo	glycan_free	17	17	0.4190013054086804	0.058823529411764705	False	False	False	False	0
C0168	S2_closed_holo	glycan_free	13	13	0.38504912998023333	0.0	False	False	False	False	0
C0166	S2_closed_holo	glycan_free	17	17	0.4179460846064644	0.058823529411764705	False	False	False	False	0
C0001	S2_closed_holo	glycosylated	18	18	0.280445787521061	0.0	False	False	False	False	1
C0002	S2_closed_holo	glycosylated	18	18	0.3592816389435572	0.05555555555555555	False	False	False	False	0
C0003	S2_closed_holo	glycosylated	17	17	0.39512293702212936	0.058823529411764705	False	False	False	False	0
C0004	S2_closed_holo	glycosylated	16	16	0.4910441761446053	0.0625	False	False	False	False	0
C0005	S2_closed_holo	glycosylated	12	12	0.29569230485256975	0.0	False	False	False	False	0
C0006	S2_closed_holo	glycosylated	17	17	0.4319218315184974	0.058823529411764705	False	False	False	False	0
C0007	S2_closed_holo	glycosylated	15	15	0.25780517991684715	0.0	False	False	False	False	0
C0008	S2_closed_holo	glycosylated	15	15	0.3802258123432539	0.0	False	False	False	False	0
C0009	S2_closed_holo	glycosylated	16	16	0.43120483038412105	0.0625	False	False	False	False	0
C0010	S2_closed_holo	glycosylated	17	17	0.4099398120974287	0.058823529411764705	False	False	False	False	0
C0011	S2_closed_holo	glycosylated	17	17	0.42341105500797	0.058823529411764705	False	False	False	False	0
C0012	S2_closed_holo	glycosylated	17	17	0.4338181804839797	0.058823529411764705	False	False	False	False	0
C0014	S2_closed_holo	glycosylated	18	18	0.32675530237998396	0.05555555555555555	False	False	False	False	0
C0015	S2_closed_holo	glycosylated	17	17	0.4099398120974287	0.058823529411764705	False	False	False	False	0
C0013	S2_closed_holo	glycosylated	19	19	0.4367837743792612	0.05263157894736842	False	False	False	False	0
C0017	S2_closed_holo	glycosylated	15	15	0.5431555874435453	0.13333333333333333	False	False	False	False	0
C0018	S2_closed_holo	glycosylated	16	16	0.3735528132941652	0.0625	False	False	False	False	0
C0016	S2_closed_holo	glycosylated	20	20	0.4417005049681145	0.05	False	False	False	False	0
C0019	S2_closed_holo	glycosylated	18	18	0.46192490532030295	0.05555555555555555	False	False	False	False	0
C0020	S2_closed_holo	glycosylated	18	18	0.35083905242903923	0.05555555555555555	False	False	False	False	0
C0021	S2_closed_holo	glycosylated	17	17	0.43302753617617723	0.058823529411764705	False	False	False	False	0
C0022	S2_closed_holo	glycosylated	21	21	0.28876710165657393	0.0	False	False	False	False	0
C0024	S2_closed_holo	glycosylated	16	16	0.4325841068750714	0.0625	False	False	False	False	0
C0025	S2_closed_holo	glycosylated	16	16	0.43120483038412105	0.0625	False	False	False	False	0
C0026	S2_closed_holo	glycosylated	16	16	0.19993983937672896	0.0	False	False	False	False	1
C0027	S2_closed_holo	glycosylated	16	16	0.44483329072077604	0.0625	False	False	False	False	0
C0028	S2_closed_holo	glycosylated	21	21	0.35884307195939064	0.047619047619047616	False	False	False	False	0
C0023	S2_closed_holo	glycosylated	24	24	0.4807577571163068	0.08333333333333333	False	False	False	False	0
C0030	S2_closed_holo	glycosylated	16	16	0.4216140674920096	0.0625	False	False	False	False	0
C0031	S2_closed_holo	glycosylated	19	19	0.4405795761877649	0.05263157894736842	False	False	False	False	0
C0032	S2_closed_holo	glycosylated	15	15	0.4477026371891456	0.06666666666666667	False	False	False	False	0
C0033	S2_closed_holo	glycosylated	17	17	0.417960146945799	0.058823529411764705	False	False	False	False	0
C0034	S2_closed_holo	glycosylated	15	15	0.2929431436077428	0.0	False	False	False	False	0
C0035	S2_closed_holo	glycosylated	15	15	0.37191876374159344	0.0	False	False	False	False	0
C0037	S2_closed_holo	glycosylated	13	13	0.5015841019873322	0.07692307692307693	False	False	False	False	0
C0038	S2_closed_holo	glycosylated	21	21	0.3866219980078787	0.047619047619047616	False	False	False	False	1
C0029	S2_closed_holo	glycosylated	25	25	0.3678872861353368	0.04	False	False	False	False	1
C0040	S2_closed_holo	glycosylated	14	14	0.5421458511512341	0.14285714285714285	False	False	False	False	0
C0041	S2_closed_holo	glycosylated	13	13	0.36910291036952797	0.0	False	False	False	False	0
C0042	S2_closed_holo	glycosylated	16	16	0.365699935294305	0.0	False	False	False	False	0
C0043	S2_closed_holo	glycosylated	16	16	0.4162953923483824	0.0625	False	False	False	False	0
C0039	S2_closed_holo	glycosylated	17	17	0.35069184471481796	0.0	False	False	False	False	0
C0045	S2_closed_holo	glycosylated	14	14	0.5019670636922832	0.07142857142857142	False	False	False	False	0
C0044	S2_closed_holo	glycosylated	21	21	0.35644569472083004	0.047619047619047616	False	False	False	False	1
C0046	S2_closed_holo	glycosylated	15	15	0.3772170025939593	0.0	False	False	False	False	0
C0048	S2_closed_holo	glycosylated	16	16	0.3943490424684522	0.0625	False	False	False	False	0
C0047	S2_closed_holo	glycosylated	17	17	0.4179460846064644	0.058823529411764705	False	False	False	False	0
C0049	S2_closed_holo	glycosylated	16	16	0.4279526972414581	0.0625	False	False	False	False	0
C0050	S2_closed_holo	glycosylated	16	16	0.4416661587590929	0.0625	False	False	False	False	0
C0052	S2_closed_holo	glycosylated	13	13	0.4497394991113091	0.07692307692307693	False	False	False	False	0
C0051	S2_closed_holo	glycosylated	15	15	0.39213121935843803	0.0	False	False	False	False	0
C0054	S2_closed_holo	glycosylated	13	13	0.5264169501306759	0.07692307692307693	False	False	False	False	0
C0055	S2_closed_holo	glycosylated	15	15	0.4477026371891456	0.06666666666666667	False	False	False	False	0
C0056	S2_closed_holo	glycosylated	20	20	0.37500358561911373	0.05	False	False	False	False	0
C0053	S2_closed_holo	glycosylated	22	22	0.33970443937884326	0.045454545454545456	False	False	False	False	1
C0057	S2_closed_holo	glycosylated	17	17	0.27115745739518604	0.0	False	False	False	False	1
C0058	S2_closed_holo	glycosylated	17	17	0.43381818048397974	0.058823529411764705	False	False	False	False	0
C0059	S2_closed_holo	glycosylated	15	15	0.447516606138839	0.06666666666666667	False	False	False	False	0
C0060	S2_closed_holo	glycosylated	17	17	0.40549903171119833	0.058823529411764705	False	False	False	False	0
C0062	S2_closed_holo	glycosylated	14	14	0.3741102440979212	0.0	False	False	False	False	0
C0063	S2_closed_holo	glycosylated	18	18	0.43937311295522696	0.05555555555555555	False	False	False	False	0
C0064	S2_closed_holo	glycosylated	14	14	0.4829607876996501	0.07142857142857142	False	False	False	False	0
C0065	S2_closed_holo	glycosylated	16	16	0.33486469183296896	0.0	False	False	False	False	0
C0066	S2_closed_holo	glycosylated	19	19	0.4367837743792612	0.05263157894736842	False	False	False	False	0
C0067	S2_closed_holo	glycosylated	17	17	0.36232055839947347	0.0	False	False	False	False	0
C0068	S2_closed_holo	glycosylated	18	18	0.35616609388468756	0.05555555555555555	False	False	False	False	1
C0061	S2_closed_holo	glycosylated	26	26	0.3600002814386389	0.038461538461538464	False	False	False	False	1
C0069	S2_closed_holo	glycosylated	16	16	0.44084467751985223	0.0625	False	False	False	False	0
C0071	S2_closed_holo	glycosylated	16	16	0.2504510561307012	0.0	False	False	False	False	1
C0070	S2_closed_holo	glycosylated	20	20	0.3023595494524216	0.05	False	False	False	False	1
C0072	S2_closed_holo	glycosylated	16	16	0.3852669905844307	0.0625	False	False	False	False	0
C0073	S2_closed_holo	glycosylated	16	16	0.370623759380556	0.0625	False	False	False	False	1
C0074	S2_closed_holo	glycosylated	20	20	0.4303690650528412	0.05	False	False	False	False	0
C0075	S2_closed_holo	glycosylated	17	17	0.44916112566336047	0.058823529411764705	False	False	False	False	0
C0076	S2_closed_holo	glycosylated	15	15	0.2735457411572365	0.0	False	False	False	False	1
C0077	S2_closed_holo	glycosylated	15	15	0.3050299466387221	0.0	False	False	False	False	0
C0079	S2_closed_holo	glycosylated	12	12	0.30782491950907126	0.0	False	False	False	False	0
C0078	S2_closed_holo	glycosylated	21	21	0.399625269645285	0.047619047619047616	False	False	False	False	0
C0080	S2_closed_holo	glycosylated	18	18	0.45791822563354906	0.05555555555555555	False	False	False	False	0
C0081	S2_closed_holo	glycosylated	19	19	0.37855402741531324	0.05263157894736842	False	False	False	False	0
C0082	S2_closed_holo	glycosylated	19	19	0.3663773943204756	0.05263157894736842	False	False	False	False	0
C0084	S2_closed_holo	glycosylated	16	16	0.2899847352802576	0.0	False	False	False	False	0
C0083	S2_closed_holo	glycosylated	21	21	0.41214344746247483	0.047619047619047616	False	False	False	False	0
C0085	S2_closed_holo	glycosylated	18	18	0.4250512035498125	0.05555555555555555	False	False	False	False	0
C0086	S2_closed_holo	glycosylated	19	19	0.3429737885744136	0.05263157894736842	False	False	False	False	1
C0088	S2_closed_holo	glycosylated	18	18	0.4358515752766362	0.05555555555555555	False	False	False	False	0
C0087	S2_closed_holo	glycosylated	20	20	0.3410995537864536	0.05	False	False	False	False	1
C0091	S2_closed_holo	glycosylated	19	19	0.3941925394215856	0.05263157894736842	False	False	False	False	0
C0090	S2_closed_holo	glycosylated	14	14	0.33874924943648876	0.0	False	False	False	False	0
C0093	S2_closed_holo	glycosylated	16	16	0.4162953923483824	0.0625	False	False	False	False	0
C0092	S2_closed_holo	glycosylated	23	23	0.3858970479936047	0.043478260869565216	False	False	False	False	1
C0095	S2_closed_holo	glycosylated	14	14	0.4961354170385714	0.07142857142857142	False	False	False	False	0
C0096	S2_closed_holo	glycosylated	19	19	0.4367837743792612	0.05263157894736842	False	False	False	False	0
C0097	S2_closed_holo	glycosylated	19	19	0.4192837424308453	0.05263157894736842	False	False	False	False	0
C0098	S2_closed_holo	glycosylated	19	19	0.34465634103140175	0.05263157894736842	False	False	False	False	1
C0099	S2_closed_holo	glycosylated	17	17	0.4538154205317387	0.058823529411764705	False	False	False	False	0
C0100	S2_closed_holo	glycosylated	17	17	0.4786274929418206	0.058823529411764705	False	False	False	False	0
C0101	S2_closed_holo	glycosylated	18	18	0.4552165405050861	0.05555555555555555	False	False	False	False	0
C0094	S2_closed_holo	glycosylated	23	23	0.2918186519891765	0.0	False	False	False	False	0
C0103	S2_closed_holo	glycosylated	18	18	0.4128484844460965	0.05555555555555555	False	False	False	False	0
C0102	S2_closed_holo	glycosylated	21	21	0.35393652167673795	0.047619047619047616	False	False	False	False	0
C0105	S2_closed_holo	glycosylated	14	14	0.4776155194526604	0.07142857142857142	False	False	False	False	0
C0104	S2_closed_holo	glycosylated	17	17	0.27551778638824653	0.0	False	False	False	False	0
C0107	S2_closed_holo	glycosylated	17	17	0.3387143438677203	0.058823529411764705	False	False	False	False	1
C0108	S2_closed_holo	glycosylated	17	17	0.43381818048397974	0.058823529411764705	False	False	False	False	0
C0109	S2_closed_holo	glycosylated	15	15	0.40495109857044514	0.0	False	False	False	False	0
C0110	S2_closed_holo	glycosylated	14	14	0.3621968102420601	0.0	False	False	False	False	0
C0111	S2_closed_holo	glycosylated	16	16	0.38984152782085413	0.0625	False	False	False	False	0
C0112	S2_closed_holo	glycosylated	18	18	0.39029669208102047	0.05555555555555555	False	False	False	False	0
C0113	S2_closed_holo	glycosylated	18	18	0.449516135868831	0.05555555555555555	False	False	False	False	0
C0114	S2_closed_holo	glycosylated	17	17	0.4319218315184974	0.058823529411764705	False	False	False	False	0
C0115	S2_closed_holo	glycosylated	18	18	0.4751719010451611	0.05555555555555555	False	False	False	False	0
C0116	S2_closed_holo	glycosylated	15	15	0.4477026371891456	0.06666666666666667	False	False	False	False	0
C0117	S2_closed_holo	glycosylated	18	18	0.3465787843574106	0.05555555555555555	False	False	False	False	0
C0118	S2_closed_holo	glycosylated	18	18	0.31426248504367954	0.0	False	False	False	False	1
C0119	S2_closed_holo	glycosylated	16	16	0.2581731553164718	0.0	False	False	False	False	1
C0120	S2_closed_holo	glycosylated	15	15	0.359894633619618	0.0	False	False	False	False	0
C0121	S2_closed_holo	glycosylated	17	17	0.4032601708871745	0.058823529411764705	False	False	False	False	0
C0106	S2_closed_holo	glycosylated	25	25	0.3542190139549112	0.04	False	False	False	False	1
C0122	S2_closed_holo	glycosylated	17	17	0.27551778638824653	0.0	False	False	False	False	0
C0123	S2_closed_holo	glycosylated	15	15	0.4424759424342898	0.06666666666666667	False	False	False	False	0
C0124	S2_closed_holo	glycosylated	14	14	0.3984353524816568	0.07142857142857142	False	False	False	False	0
C0125	S2_closed_holo	glycosylated	17	17	0.3528667807788064	0.058823529411764705	False	False	False	False	0
C0126	S2_closed_holo	glycosylated	19	19	0.4367837743792612	0.05263157894736842	False	False	False	False	0
C0127	S2_closed_holo	glycosylated	16	16	0.43120483038412105	0.0625	False	False	False	False	0
C0128	S2_closed_holo	glycosylated	17	17	0.3445910209405677	0.058823529411764705	False	False	False	False	0
C0129	S2_closed_holo	glycosylated	16	16	0.44698483390272004	0.0625	False	False	False	False	0
C0131	S2_closed_holo	glycosylated	16	16	0.47773023387514935	0.0625	False	False	False	False	0
C0130	S2_closed_holo	glycosylated	13	13	0.43076585906146714	0.07692307692307693	False	False	False	False	0
C0132	S2_closed_holo	glycosylated	16	16	0.45126893214373065	0.0625	False	False	False	False	0
C0133	S2_closed_holo	glycosylated	16	16	0.25327405501139133	0.0	False	False	False	False	0
C0134	S2_closed_holo	glycosylated	16	16	0.3788714884377923	0.0625	False	False	False	False	0
C0135	S2_closed_holo	glycosylated	16	16	0.4279526972414581	0.0625	False	False	False	False	0
C0136	S2_closed_holo	glycosylated	17	17	0.4433575192292518	0.058823529411764705	False	False	False	False	0
C0137	S2_closed_holo	glycosylated	14	14	0.37385877710434634	0.0	False	False	False	False	0
C0139	S2_closed_holo	glycosylated	14	14	0.49627331978335665	0.07142857142857142	False	False	False	False	0
C0138	S2_closed_holo	glycosylated	18	18	0.4336104164380387	0.05555555555555555	False	False	False	False	0
C0140	S2_closed_holo	glycosylated	19	19	0.4106795224382389	0.05263157894736842	False	False	False	False	0
C0142	S2_closed_holo	glycosylated	15	15	0.4477026371891456	0.06666666666666667	False	False	False	False	0
C0141	S2_closed_holo	glycosylated	19	19	0.43632416616100156	0.05263157894736842	False	False	False	False	0
C0143	S2_closed_holo	glycosylated	17	17	0.41848762563533126	0.058823529411764705	False	False	False	False	0
C0144	S2_closed_holo	glycosylated	19	19	0.3936265166149938	0.05263157894736842	False	False	False	False	0
C0146	S2_closed_holo	glycosylated	15	15	0.41861846026437444	0.06666666666666667	False	False	False	False	0
C0145	S2_closed_holo	glycosylated	18	18	0.43084887948174405	0.05555555555555555	False	False	False	False	0
C0147	S2_closed_holo	glycosylated	19	19	0.43632416616100156	0.05263157894736842	False	False	False	False	0
C0148	S2_closed_holo	glycosylated	21	21	0.3386746544881595	0.047619047619047616	False	False	False	False	1
C0150	S2_closed_holo	glycosylated	18	18	0.3736481305092156	0.05555555555555555	False	False	False	False	0
C0149	S2_closed_holo	glycosylated	18	18	0.35666061602677945	0.05555555555555555	False	False	False	False	1
C0151	S2_closed_holo	glycosylated	17	17	0.4727483476023486	0.058823529411764705	False	False	False	False	0
C0152	S2_closed_holo	glycosylated	14	14	0.3644545461669044	0.0	False	False	False	False	0
C0153	S2_closed_holo	glycosylated	15	15	0.4477026371891456	0.06666666666666667	False	False	False	False	0
C0155	S2_closed_holo	glycosylated	19	19	0.4420811038800594	0.05263157894736842	False	False	False	False	0
C0154	S2_closed_holo	glycosylated	21	21	0.3186154325348354	0.047619047619047616	False	False	False	False	1
C0156	S2_closed_holo	glycosylated	17	17	0.41848762563533126	0.058823529411764705	False	False	False	False	0
C0158	S2_closed_holo	glycosylated	18	18	0.280445787521061	0.0	False	False	False	False	1
C0159	S2_closed_holo	glycosylated	17	17	0.4727483476023486	0.058823529411764705	False	False	False	False	0
C0160	S2_closed_holo	glycosylated	19	19	0.3221435730140982	0.0	False	False	False	False	1
C0157	S2_closed_holo	glycosylated	23	23	0.39510052245874233	0.043478260869565216	False	False	False	False	1
C0161	S2_closed_holo	glycosylated	19	19	0.3897742747316898	0.05263157894736842	False	False	False	False	0
C0162	S2_closed_holo	glycosylated	17	17	0.3990178041600233	0.058823529411764705	False	False	False	False	0
C0164	S2_closed_holo	glycosylated	19	19	0.4106795224382389	0.05263157894736842	False	False	False	False	0
C0165	S2_closed_holo	glycosylated	17	17	0.43192183151849733	0.058823529411764705	False	False	False	False	0
C0163	S2_closed_holo	glycosylated	15	15	0.3161752338502188	0.0	False	False	False	False	0
C0167	S2_closed_holo	glycosylated	16	16	0.43124190413521446	0.0625	False	False	False	False	0
C0168	S2_closed_holo	glycosylated	15	15	0.29911508938076065	0.0	False	False	False	False	0
C0166	S2_closed_holo	glycosylated	17	17	0.4179460846064644	0.058823529411764705	False	False	False	False	0
C0001	S3_open_cd4	glycan_free	18	18	0.4464216065705549	0.05555555555555555	False	False	False	False	0
C0003	S3_open_cd4	glycan_free	13	13	0.37944388234448057	0.0	False	False	False	False	0
C0002	S3_open_cd4	glycan_free	19	19	0.4174498397612934	0.05263157894736842	False	False	False	False	0
C0004	S3_open_cd4	glycan_free	14	14	0.5073402683425846	0.07142857142857142	False	False	False	False	0
C0005	S3_open_cd4	glycan_free	17	17	0.4137598803658713	0.058823529411764705	False	False	False	False	0
C0006	S3_open_cd4	glycan_free	18	18	0.4432230296620568	0.05555555555555555	False	False	False	False	0
C0007	S3_open_cd4	glycan_free	18	18	0.4279799478211561	0.05555555555555555	False	False	False	False	0
C0009	S3_open_cd4	glycan_free	18	18	0.46534176769002566	0.05555555555555555	False	False	False	False	0
C0008	S3_open_cd4	glycan_free	17	17	0.4124871378512905	0.058823529411764705	False	False	False	False	0
C0010	S3_open_cd4	glycan_free	17	17	0.4221632918663842	0.058823529411764705	False	False	False	False	0
C0011	S3_open_cd4	glycan_free	18	18	0.4158005467527818	0.05555555555555555	False	False	False	False	0
C0012	S3_open_cd4	glycan_free	19	19	0.42167839941384105	0.05263157894736842	False	False	False	False	0
C0013	S3_open_cd4	glycan_free	21	21	0.4444559156493445	0.047619047619047616	False	False	False	False	0
C0014	S3_open_cd4	glycan_free	18	18	0.4257347467327946	0.05555555555555555	False	False	False	False	0
C0015	S3_open_cd4	glycan_free	16	16	0.3065819445963167	0.0	False	False	False	False	0
C0017	S3_open_cd4	glycan_free	19	19	0.4242659216534201	0.05263157894736842	False	False	False	False	0
C0016	S3_open_cd4	glycan_free	20	20	0.5233587449305549	0.05	False	False	False	False	0
C0018	S3_open_cd4	glycan_free	18	18	0.48271096130598995	0.05555555555555555	False	False	False	False	0
C0019	S3_open_cd4	glycan_free	15	15	0.537728762598256	0.06666666666666667	False	False	False	False	0
C0020	S3_open_cd4	glycan_free	21	21	0.4093226210270861	0.047619047619047616	False	False	False	False	0
C0021	S3_open_cd4	glycan_free	19	19	0.3951602964556864	0.05263157894736842	False	False	False	False	0
C0022	S3_open_cd4	glycan_free	18	18	0.4450080693106163	0.0	False	False	False	False	0
C0024	S3_open_cd4	glycan_free	19	19	0.4152169165366832	0.05263157894736842	False	False	False	False	0
C0025	S3_open_cd4	glycan_free	18	18	0.4088785480470583	0.05555555555555555	False	False	False	False	0
C0026	S3_open_cd4	glycan_free	14	14	0.527470346241003	0.07142857142857142	False	False	False	False	0
C0027	S3_open_cd4	glycan_free	15	15	0.5963993662895523	0.13333333333333333	False	False	False	False	0
C0023	S3_open_cd4	glycan_free	23	23	0.4475691105868897	0.043478260869565216	False	False	False	False	0
C0028	S3_open_cd4	glycan_free	17	17	0.4944909351281964	0.058823529411764705	False	False	False	False	0
C0030	S3_open_cd4	glycan_free	15	15	0.4629926378772635	0.06666666666666667	False	False	False	False	0
C0031	S3_open_cd4	glycan_free	17	17	0.34764720852669867	0.0	False	False	False	False	0
C0032	S3_open_cd4	glycan_free	18	18	0.40332299662369386	0.05555555555555555	False	False	False	False	0
C0033	S3_open_cd4	glycan_free	18	18	0.4968563989825748	0.05555555555555555	False	False	False	False	0
C0034	S3_open_cd4	glycan_free	12	12	0.4356755772172573	0.08333333333333333	False	False	False	False	0
C0035	S3_open_cd4	glycan_free	18	18	0.410143450771805	0.05555555555555555	False	False	False	False	0
C0037	S3_open_cd4	glycan_free	12	12	0.4359006895432689	0.0	False	False	False	False	0
C0029	S3_open_cd4	glycan_free	23	23	0.4278704423287893	0.043478260869565216	False	False	False	False	0
C0038	S3_open_cd4	glycan_free	21	21	0.4988699896587873	0.047619047619047616	False	False	False	False	0
C0040	S3_open_cd4	glycan_free	19	19	0.4242659216534201	0.05263157894736842	False	False	False	False	0
C0041	S3_open_cd4	glycan_free	17	17	0.44116734295846705	0.058823529411764705	False	False	False	False	0
C0042	S3_open_cd4	glycan_free	15	15	0.5404970125472663	0.06666666666666667	False	False	False	False	0
C0043	S3_open_cd4	glycan_free	20	20	0.40686765538142666	0.05	False	False	False	False	0
C0044	S3_open_cd4	glycan_free	15	15	0.4472757429269626	0.0	False	False	False	False	0
C0039	S3_open_cd4	glycan_free	21	21	0.48083992626634486	0.047619047619047616	False	False	False	False	0
C0045	S3_open_cd4	glycan_free	13	13	0.6135989319273761	0.07692307692307693	False	False	False	False	0
C0046	S3_open_cd4	glycan_free	16	16	0.3929027737044051	0.0	False	False	False	False	0
C0048	S3_open_cd4	glycan_free	17	17	0.34140154425121	0.0	False	False	False	False	0
C0047	S3_open_cd4	glycan_free	19	19	0.4152169165366832	0.05263157894736842	False	False	False	False	0
C0049	S3_open_cd4	glycan_free	12	12	0.6620902857035516	0.08333333333333333	False	False	False	False	0
C0050	S3_open_cd4	glycan_free	16	16	0.4385928492164679	0.0625	False	False	False	False	0
C0052	S3_open_cd4	glycan_free	14	14	0.4682225446540223	0.07142857142857142	False	False	False	False	0
C0051	S3_open_cd4	glycan_free	14	14	0.5757017208967035	0.07142857142857142	False	False	False	False	0
C0054	S3_open_cd4	glycan_free	11	11	0.40883790340192694	0.0	False	False	False	False	0
C0055	S3_open_cd4	glycan_free	17	17	0.380353637999965	0.058823529411764705	False	False	False	False	0
C0053	S3_open_cd4	glycan_free	22	22	0.40447812415540985	0.0	False	False	False	False	0
C0057	S3_open_cd4	glycan_free	20	20	0.40686765538142666	0.05	False	False	False	False	0
C0058	S3_open_cd4	glycan_free	17	17	0.5038438650834913	0.058823529411764705	False	False	False	False	0
C0056	S3_open_cd4	glycan_free	18	18	0.42843839231769393	0.05555555555555555	False	False	False	False	0
C0059	S3_open_cd4	glycan_free	13	13	0.3839614030702758	0.0	False	False	False	False	0
C0060	S3_open_cd4	glycan_free	18	18	0.4156990021951694	0.05555555555555555	False	False	False	False	0
C0062	S3_open_cd4	glycan_free	15	15	0.31330033075847397	0.0	False	False	False	False	0
C0063	S3_open_cd4	glycan_free	18	18	0.4257347467327946	0.05555555555555555	False	False	False	False	0
C0064	S3_open_cd4	glycan_free	13	13	0.5715782013525659	0.07692307692307693	False	False	False	False	0
C0065	S3_open_cd4	glycan_free	16	16	0.3122314486037404	0.0	False	False	False	False	0
C0066	S3_open_cd4	glycan_free	16	16	0.4327551346789709	0.0	False	False	False	False	0
C0067	S3_open_cd4	glycan_free	17	17	0.4032413156811518	0.058823529411764705	False	False	False	False	0
C0068	S3_open_cd4	glycan_free	20	20	0.44582000450622034	0.05	False	False	False	False	0
C0069	S3_open_cd4	glycan_free	19	19	0.4152169165366832	0.05263157894736842	False	False	False	False	0
C0061	S3_open_cd4	glycan_free	22	22	0.4189680241629889	0.045454545454545456	False	False	False	False	0
C0071	S3_open_cd4	glycan_free	15	15	0.45211456504885256	0.06666666666666667	False	False	False	False	0
C0070	S3_open_cd4	glycan_free	21	21	0.4899071906016856	0.047619047619047616	False	False	False	False	0
C0072	S3_open_cd4	glycan_free	18	18	0.3965413812354162	0.05555555555555555	False	False	False	False	0
C0073	S3_open_cd4	glycan_free	18	18	0.40100486086866094	0.05555555555555555	False	False	False	False	0
C0074	S3_open_cd4	glycan_free	19	19	0.4174498397612934	0.05263157894736842	False	False	False	False	0
C0075	S3_open_cd4	glycan_free	18	18	0.4336713020388345	0.05555555555555555	False	False	False	False	0
C0076	S3_open_cd4	glycan_free	17	17	0.4944909351281964	0.058823529411764705	False	False	False	False	0
C0077	S3_open_cd4	glycan_free	14	14	0.4653550364348926	0.07142857142857142	False	False	False	False	0
C0079	S3_open_cd4	glycan_free	12	12	0.4356755772172573	0.08333333333333333	False	False	False	False	0
C0080	S3_open_cd4	glycan_free	17	17	0.4221632918663842	0.058823529411764705	False	False	False	False	0
C0081	S3_open_cd4	glycan_free	16	16	0.5510066483647069	0.0625	False	False	False	False	0
C0078	S3_open_cd4	glycan_free	19	19	0.4569609862559615	0.05263157894736842	False	False	False	False	0
C0082	S3_open_cd4	glycan_free	21	21	0.5000499977884312	0.047619047619047616	False	False	False	False	0
C0084	S3_open_cd4	glycan_free	17	17	0.4381592343862996	0.058823529411764705	False	False	False	False	0
C0083	S3_open_cd4	glycan_free	19	19	0.4855068993768181	0.10526315789473684	False	False	False	False	0
C0085	S3_open_cd4	glycan_free	17	17	0.4709324145882302	0.058823529411764705	False	False	False	False	0
C0086	S3_open_cd4	glycan_free	16	16	0.5266487844458023	0.0625	False	False	False	False	0
C0087	S3_open_cd4	glycan_free	17	17	0.4137598803658713	0.058823529411764705	False	False	False	False	0
C0088	S3_open_cd4	glycan_free	16	16	0.3477131515102882	0.0	False	False	False	False	0
C0090	S3_open_cd4	glycan_free	16	16	0.5248935547578373	0.0625	False	False	False	False	0
C0091	S3_open_cd4	glycan_free	14	14	0.45518598164611473	0.07142857142857142	False	False	False	False	0
C0093	S3_open_cd4	glycan_free	17	17	0.37708897791879853	0.0	False	False	False	False	0
C0092	S3_open_cd4	glycan_free	18	18	0.4551780749022535	0.05555555555555555	False	False	False	False	0
C0095	S3_open_cd4	glycan_free	18	18	0.3239342669330164	0.0	False	False	False	False	0
C0096	S3_open_cd4	glycan_free	17	17	0.4124871378512905	0.058823529411764705	False	False	False	False	0
C0097	S3_open_cd4	glycan_free	21	21	0.4655221360211567	0.047619047619047616	False	False	False	False	0
C0098	S3_open_cd4	glycan_free	21	21	0.4033587236319517	0.0	False	False	False	False	0
C0099	S3_open_cd4	glycan_free	18	18	0.40100486086866094	0.05555555555555555	False	False	False	False	0
C0100	S3_open_cd4	glycan_free	17	17	0.4517757287831121	0.058823529411764705	False	False	False	False	0
C0094	S3_open_cd4	glycan_free	22	22	0.3428655472588385	0.045454545454545456	False	False	False	False	0
C0102	S3_open_cd4	glycan_free	21	21	0.4369516665561138	0.047619047619047616	False	False	False	False	0
C0101	S3_open_cd4	glycan_free	16	16	0.5110902399128803	0.0625	False	False	False	False	0
C0103	S3_open_cd4	glycan_free	19	19	0.4242659216534201	0.05263157894736842	False	False	False	False	0
C0104	S3_open_cd4	glycan_free	15	15	0.5465789753770013	0.06666666666666667	False	False	False	False	0
C0105	S3_open_cd4	glycan_free	17	17	0.4511625885785207	0.058823529411764705	False	False	False	False	0
C0107	S3_open_cd4	glycan_free	17	17	0.4487853168379027	0.058823529411764705	False	False	False	False	0
C0108	S3_open_cd4	glycan_free	18	18	0.39973995814391433	0.05555555555555555	False	False	False	False	0
C0109	S3_open_cd4	glycan_free	13	13	0.4118131111825108	0.07692307692307693	False	False	False	False	0
C0110	S3_open_cd4	glycan_free	15	15	0.48695164146722775	0.06666666666666667	False	False	False	False	0
C0111	S3_open_cd4	glycan_free	17	17	0.3248568398065957	0.0	False	False	False	False	0
C0112	S3_open_cd4	glycan_free	17	17	0.4386717228839027	0.058823529411764705	False	False	False	False	0
C0113	S3_open_cd4	glycan_free	13	13	0.48965781151546744	0.07692307692307693	False	False	False	False	0
C0114	S3_open_cd4	glycan_free	17	17	0.4517757287831121	0.058823529411764705	False	False	False	False	0
C0115	S3_open_cd4	glycan_free	20	20	0.4357876659387568	0.0	False	False	False	False	0
C0116	S3_open_cd4	glycan_free	18	18	0.4033229966236938	0.05555555555555555	False	False	False	False	0
C0117	S3_open_cd4	glycan_free	18	18	0.42573474673279454	0.05555555555555555	False	False	False	False	0
C0106	S3_open_cd4	glycan_free	24	24	0.3331748342097641	0.041666666666666664	False	False	False	False	0
C0119	S3_open_cd4	glycan_free	16	16	0.45770271661259626	0.0625	False	False	False	False	0
C0118	S3_open_cd4	glycan_free	15	15	0.4951512602496409	0.06666666666666667	False	False	False	False	0
C0120	S3_open_cd4	glycan_free	19	19	0.42167839941384105	0.05263157894736842	False	False	False	False	0
C0121	S3_open_cd4	glycan_free	15	15	0.47732543391778987	0.06666666666666667	False	False	False	False	0
C0122	S3_open_cd4	glycan_free	13	13	0.4229721969482825	0.0	False	False	False	False	0
C0123	S3_open_cd4	glycan_free	19	19	0.42167839941384105	0.05263157894736842	False	False	False	False	0
C0124	S3_open_cd4	glycan_free	18	18	0.4336713020388345	0.05555555555555555	False	False	False	False	0
C0125	S3_open_cd4	glycan_free	18	18	0.42193910322760164	0.0	False	False	False	False	0
C0126	S3_open_cd4	glycan_free	17	17	0.34112430190521836	0.0	False	False	False	False	0
C0127	S3_open_cd4	glycan_free	21	21	0.39144719452983295	0.047619047619047616	False	False	False	False	0
C0129	S3_open_cd4	glycan_free	16	16	0.4366761093954342	0.0625	False	False	False	False	0
C0128	S3_open_cd4	glycan_free	19	19	0.41395814225772726	0.0	False	False	False	False	0
C0131	S3_open_cd4	glycan_free	16	16	0.4080506919958709	0.0	False	False	False	False	0
C0130	S3_open_cd4	glycan_free	17	17	0.3457605180240225	0.0	False	False	False	False	0
C0132	S3_open_cd4	glycan_free	15	15	0.3511607387731677	0.0	False	False	False	False	0
C0133	S3_open_cd4	glycan_free	10	10	0.4229185383912831	0.1	False	False	False	False	0
C0134	S3_open_cd4	glycan_free	15	15	0.44887019034697345	0.06666666666666667	False	False	False	False	0
C0135	S3_open_cd4	glycan_free	17	17	0.380353637999965	0.058823529411764705	False	False	False	False	0
C0136	S3_open_cd4	glycan_free	16	16	0.34333169091276206	0.0	False	False	False	False	0
C0137	S3_open_cd4	glycan_free	10	10	0.473302934011777	0.1	False	False	False	False	0
C0139	S3_open_cd4	glycan_free	17	17	0.36382816034225024	0.0	False	False	False	False	0
C0138	S3_open_cd4	glycan_free	22	22	0.4946100325454907	0.045454545454545456	False	False	False	False	0
C0140	S3_open_cd4	glycan_free	14	14	0.47500106269333164	0.07142857142857142	False	False	False	False	0
C0142	S3_open_cd4	glycan_free	16	16	0.3989358667813405	0.0625	False	False	False	False	0
C0141	S3_open_cd4	glycan_free	19	19	0.41261035107750316	0.0	False	False	False	False	0
C0143	S3_open_cd4	glycan_free	18	18	0.46534176769002566	0.05555555555555555	False	False	False	False	0
C0144	S3_open_cd4	glycan_free	15	15	0.4493479939782949	0.06666666666666667	False	False	False	False	0
C0146	S3_open_cd4	glycan_free	14	14	0.5043742862543593	0.07142857142857142	False	False	False	False	0
C0145	S3_open_cd4	glycan_free	20	20	0.4452855130786147	0.05	False	False	False	False	0
C0147	S3_open_cd4	glycan_free	19	19	0.47397154175741857	0.05263157894736842	False	False	False	False	0
C0148	S3_open_cd4	glycan_free	20	20	0.4953840120095829	0.05	False	False	False	False	0
C0150	S3_open_cd4	glycan_free	20	20	0.40686765538142666	0.05	False	False	False	False	0
C0149	S3_open_cd4	glycan_free	21	21	0.46621176789005003	0.047619047619047616	False	False	False	False	0
C0151	S3_open_cd4	glycan_free	18	18	0.3965413812354162	0.05555555555555555	False	False	False	False	0
C0152	S3_open_cd4	glycan_free	13	13	0.4568177369885463	0.0	False	False	False	False	0
C0153	S3_open_cd4	glycan_free	18	18	0.4133420276803031	0.05555555555555555	False	False	False	False	0
C0154	S3_open_cd4	glycan_free	19	19	0.470646617002953	0.05263157894736842	False	False	False	False	0
C0155	S3_open_cd4	glycan_free	13	13	0.48381275119597295	0.07692307692307693	False	False	False	False	0
C0156	S3_open_cd4	glycan_free	18	18	0.4709140325944061	0.05555555555555555	False	False	False	False	0
C0158	S3_open_cd4	glycan_free	16	16	0.3989358667813405	0.0625	False	False	False	False	0
C0159	S3_open_cd4	glycan_free	16	16	0.3989358667813405	0.0625	False	False	False	False	0
C0157	S3_open_cd4	glycan_free	22	22	0.4506235809570331	0.045454545454545456	False	False	False	False	0
C0160	S3_open_cd4	glycan_free	15	15	0.5793761903379837	0.06666666666666667	False	False	False	False	0
C0161	S3_open_cd4	glycan_free	18	18	0.36911355279462804	0.0	False	False	False	False	0
C0162	S3_open_cd4	glycan_free	18	18	0.410143450771805	0.05555555555555555	False	False	False	False	0
C0164	S3_open_cd4	glycan_free	17	17	0.474808294944259	0.058823529411764705	False	False	False	False	0
C0165	S3_open_cd4	glycan_free	16	16	0.34823886787284847	0.0	False	False	False	False	0
C0163	S3_open_cd4	glycan_free	17	17	0.44928010870854773	0.058823529411764705	False	False	False	False	0
C0167	S3_open_cd4	glycan_free	19	19	0.3842697617438871	0.05263157894736842	False	False	False	False	0
C0168	S3_open_cd4	glycan_free	15	15	0.3576932723693993	0.0	False	False	False	False	0
C0001	S3_open_cd4	glycosylated	18	18	0.4464216065705549	0.05555555555555555	False	False	False	False	0
C0166	S3_open_cd4	glycan_free	16	16	0.4164760747374539	0.0625	False	False	False	False	0
C0003	S3_open_cd4	glycosylated	13	13	0.37944388234448057	0.0	False	False	False	False	0
C0002	S3_open_cd4	glycosylated	19	19	0.5138907542297937	0.05263157894736842	False	False	False	False	0
C0004	S3_open_cd4	glycosylated	14	14	0.5073402683425846	0.07142857142857142	False	False	False	False	0
C0005	S3_open_cd4	glycosylated	17	17	0.4137598803658713	0.058823529411764705	False	False	False	False	0
C0006	S3_open_cd4	glycosylated	20	20	0.4515461443267973	0.05	False	False	False	False	0
C0007	S3_open_cd4	glycosylated	17	17	0.3481377897646405	0.0	False	False	False	False	0
C0008	S3_open_cd4	glycosylated	17	17	0.4124871378512905	0.058823529411764705	False	False	False	False	0
C0009	S3_open_cd4	glycosylated	18	18	0.46534176769002566	0.05555555555555555	False	False	False	False	0
C0010	S3_open_cd4	glycosylated	17	17	0.4221632918663842	0.058823529411764705	False	False	False	False	0
C0011	S3_open_cd4	glycosylated	17	17	0.3936872300762426	0.0	False	False	False	False	0
C0012	S3_open_cd4	glycosylated	18	18	0.4158005467527818	0.05555555555555555	False	False	False	False	0
C0013	S3_open_cd4	glycosylated	22	22	0.42579314925373596	0.045454545454545456	False	False	False	False	0
C0014	S3_open_cd4	glycosylated	18	18	0.4257347467327946	0.05555555555555555	False	False	False	False	0
C0015	S3_open_cd4	glycosylated	16	16	0.3065819445963167	0.0	False	False	False	False	0
C0017	S3_open_cd4	glycosylated	19	19	0.4242659216534201	0.05263157894736842	False	False	False	False	0
C0018	S3_open_cd4	glycosylated	18	18	0.48271096130598995	0.05555555555555555	False	False	False	False	0
C0016	S3_open_cd4	glycosylated	20	20	0.5233587449305549	0.05	False	False	False	False	0
C0019	S3_open_cd4	glycosylated	20	20	0.5237793180206032	0.05	False	False	False	False	0
C0020	S3_open_cd4	glycosylated	19	19	0.44928612597251893	0.05263157894736842	False	False	False	False	0
C0021	S3_open_cd4	glycosylated	18	18	0.4156990021951694	0.05555555555555555	False	False	False	False	0
C0022	S3_open_cd4	glycosylated	18	18	0.4450080693106162	0.0	False	False	False	False	0
C0024	S3_open_cd4	glycosylated	19	19	0.4152169165366832	0.05263157894736842	False	False	False	False	0
C0025	S3_open_cd4	glycosylated	17	17	0.33524195333930296	0.0	False	False	False	False	0
C0026	S3_open_cd4	glycosylated	14	14	0.4202679671855492	0.0	False	False	False	False	0
C0027	S3_open_cd4	glycosylated	15	15	0.5963993662895523	0.13333333333333333	False	False	False	False	0
C0023	S3_open_cd4	glycosylated	23	23	0.47533704690120404	0.043478260869565216	False	False	False	False	0
C0028	S3_open_cd4	glycosylated	14	14	0.4807398222217892	0.07142857142857142	False	False	False	False	0
C0030	S3_open_cd4	glycosylated	15	15	0.31330033075847397	0.0	False	False	False	False	0
C0031	S3_open_cd4	glycosylated	17	17	0.34764720852669867	0.0	False	False	False	False	0
C0032	S3_open_cd4	glycosylated	18	18	0.40332299662369386	0.05555555555555555	False	False	False	False	0
C0033	S3_open_cd4	glycosylated	17	17	0.4487853168379027	0.058823529411764705	False	False	False	False	0
C0034	S3_open_cd4	glycosylated	10	10	0.4515761474138637	0.1	False	False	False	False	0
C0035	S3_open_cd4	glycosylated	18	18	0.410143450771805	0.05555555555555555	False	False	False	False	0
C0037	S3_open_cd4	glycosylated	12	12	0.4359006895432689	0.0	False	False	False	False	0
C0029	S3_open_cd4	glycosylated	23	23	0.42381826287069263	0.043478260869565216	False	False	False	False	0
C0038	S3_open_cd4	glycosylated	14	14	0.5305007420458312	0.07142857142857142	False	False	False	False	0
C0040	S3_open_cd4	glycosylated	19	19	0.4242659216534201	0.05263157894736842	False	False	False	False	0
C0041	S3_open_cd4	glycosylated	17	17	0.44116734295846705	0.058823529411764705	False	False	False	False	0
C0042	S3_open_cd4	glycosylated	15	15	0.5404970125472663	0.06666666666666667	False	False	False	False	0
C0043	S3_open_cd4	glycosylated	20	20	0.40686765538142666	0.05	False	False	False	False	0
C0044	S3_open_cd4	glycosylated	18	18	0.42809172124766093	0.05555555555555555	False	False	False	False	0
C0039	S3_open_cd4	glycosylated	20	20	0.4914256181690936	0.05	False	False	False	False	0
C0045	S3_open_cd4	glycosylated	13	13	0.6135989319273761	0.07692307692307693	False	False	False	False	0
C0046	S3_open_cd4	glycosylated	16	16	0.3929027737044051	0.0	False	False	False	False	0
C0047	S3_open_cd4	glycosylated	19	19	0.4152169165366832	0.05263157894736842	False	False	False	False	0
C0048	S3_open_cd4	glycosylated	17	17	0.34140154425121	0.0	False	False	False	False	0
C0050	S3_open_cd4	glycosylated	16	16	0.4385928492164679	0.0625	False	False	False	False	0
C0049	S3_open_cd4	glycosylated	17	17	0.462303266436349	0.058823529411764705	False	False	False	False	0
C0052	S3_open_cd4	glycosylated	13	13	0.3669091531057224	0.0	False	False	False	False	0
C0051	S3_open_cd4	glycosylated	14	14	0.5757017208967035	0.07142857142857142	False	False	False	False	0
C0054	S3_open_cd4	glycosylated	11	11	0.40883790340192694	0.0	False	False	False	False	0
C0055	S3_open_cd4	glycosylated	17	17	0.380353637999965	0.058823529411764705	False	False	False	False	0
C0053	S3_open_cd4	glycosylated	24	24	0.43238031337485094	0.041666666666666664	False	False	False	False	0
C0057	S3_open_cd4	glycosylated	20	20	0.40686765538142666	0.05	False	False	False	False	0
C0058	S3_open_cd4	glycosylated	17	17	0.5038438650834913	0.058823529411764705	False	False	False	False	0
C0056	S3_open_cd4	glycosylated	17	17	0.501397670287703	0.058823529411764705	False	False	False	False	0
C0059	S3_open_cd4	glycosylated	13	13	0.3839614030702758	0.0	False	False	False	False	0
C0060	S3_open_cd4	glycosylated	20	20	0.40474637831804694	0.05	False	False	False	False	0
C0062	S3_open_cd4	glycosylated	15	15	0.31330033075847397	0.0	False	False	False	False	0
C0063	S3_open_cd4	glycosylated	18	18	0.4257347467327946	0.05555555555555555	False	False	False	False	0
C0064	S3_open_cd4	glycosylated	13	13	0.5715782013525659	0.07692307692307693	False	False	False	False	0
C0065	S3_open_cd4	glycosylated	12	12	0.4674844250798853	0.0	False	False	False	False	0
C0066	S3_open_cd4	glycosylated	16	16	0.4327551346789709	0.0	False	False	False	False	0
C0067	S3_open_cd4	glycosylated	16	16	0.4263267069771015	0.0625	False	False	False	False	0
C0068	S3_open_cd4	glycosylated	21	21	0.4545575030997571	0.047619047619047616	False	False	False	False	0
C0069	S3_open_cd4	glycosylated	18	18	0.43640257551394573	0.05555555555555555	False	False	False	False	0
C0061	S3_open_cd4	glycosylated	22	22	0.4189680241629889	0.045454545454545456	False	False	False	False	0
C0070	S3_open_cd4	glycosylated	21	21	0.4899071906016856	0.047619047619047616	False	False	False	False	0
C0071	S3_open_cd4	glycosylated	14	14	0.577285113933143	0.07142857142857142	False	False	False	False	0
C0072	S3_open_cd4	glycosylated	18	18	0.3965413812354162	0.05555555555555555	False	False	False	False	0
C0073	S3_open_cd4	glycosylated	18	18	0.40100486086866094	0.05555555555555555	False	False	False	False	0
C0074	S3_open_cd4	glycosylated	19	19	0.4174498397612934	0.05263157894736842	False	False	False	False	0
C0075	S3_open_cd4	glycosylated	18	18	0.4336713020388345	0.05555555555555555	False	False	False	False	0
C0076	S3_open_cd4	glycosylated	17	17	0.4944909351281964	0.058823529411764705	False	False	False	False	0
C0077	S3_open_cd4	glycosylated	14	14	0.4653550364348927	0.07142857142857142	False	False	False	False	0
C0079	S3_open_cd4	glycosylated	12	12	0.4356755772172573	0.08333333333333333	False	False	False	False	0
C0080	S3_open_cd4	glycosylated	17	17	0.4221632918663842	0.058823529411764705	False	False	False	False	0
C0081	S3_open_cd4	glycosylated	16	16	0.5510066483647069	0.0625	False	False	False	False	0
C0078	S3_open_cd4	glycosylated	17	17	0.4519206172630722	0.058823529411764705	False	False	False	False	0
C0082	S3_open_cd4	glycosylated	15	15	0.500669891075973	0.06666666666666667	False	False	False	False	0
C0084	S3_open_cd4	glycosylated	18	18	0.44877858108542135	0.05555555555555555	False	False	False	False	0
C0083	S3_open_cd4	glycosylated	19	19	0.4855068993768181	0.10526315789473684	False	False	False	False	0
C0085	S3_open_cd4	glycosylated	17	17	0.4327716776910292	0.058823529411764705	False	False	False	False	0
C0086	S3_open_cd4	glycosylated	16	16	0.5266487844458023	0.0625	False	False	False	False	0
C0087	S3_open_cd4	glycosylated	18	18	0.421159493673045	0.05555555555555555	False	False	False	False	0
C0088	S3_open_cd4	glycosylated	16	16	0.3477131515102882	0.0	False	False	False	False	0
C0091	S3_open_cd4	glycosylated	14	14	0.45518598164611473	0.07142857142857142	False	False	False	False	0
C0090	S3_open_cd4	glycosylated	15	15	0.5543505932418292	0.06666666666666667	False	False	False	False	0
C0093	S3_open_cd4	glycosylated	19	19	0.4247086301692603	0.05263157894736842	False	False	False	False	0
C0092	S3_open_cd4	glycosylated	16	16	0.4160800560607146	0.0	False	False	False	False	0
C0095	S3_open_cd4	glycosylated	18	18	0.3239342669330164	0.0	False	False	False	False	0
C0096	S3_open_cd4	glycosylated	17	17	0.4124871378512905	0.058823529411764705	False	False	False	False	0
C0097	S3_open_cd4	glycosylated	21	21	0.4655221360211567	0.047619047619047616	False	False	False	False	0
C0098	S3_open_cd4	glycosylated	21	21	0.4033587236319517	0.0	False	False	False	False	0
C0099	S3_open_cd4	glycosylated	17	17	0.38757529533325913	0.058823529411764705	False	False	False	False	0
C0094	S3_open_cd4	glycosylated	24	24	0.3986152820325093	0.041666666666666664	False	False	False	False	0
C0100	S3_open_cd4	glycosylated	17	17	0.4517757287831121	0.058823529411764705	False	False	False	False	0
C0102	S3_open_cd4	glycosylated	19	19	0.4247086301692603	0.05263157894736842	False	False	False	False	0
C0101	S3_open_cd4	glycosylated	17	17	0.5027038268523633	0.058823529411764705	False	False	False	False	0
C0103	S3_open_cd4	glycosylated	19	19	0.4242659216534201	0.05263157894736842	False	False	False	False	0
C0104	S3_open_cd4	glycosylated	15	15	0.5465789753770013	0.06666666666666667	False	False	False	False	0
C0105	S3_open_cd4	glycosylated	17	17	0.4511625885785207	0.058823529411764705	False	False	False	False	0
C0107	S3_open_cd4	glycosylated	17	17	0.4487853168379027	0.058823529411764705	False	False	False	False	0
C0108	S3_open_cd4	glycosylated	16	16	0.3989358667813405	0.0625	False	False	False	False	0
C0109	S3_open_cd4	glycosylated	12	12	0.4356755772172573	0.08333333333333333	False	False	False	False	0
C0110	S3_open_cd4	glycosylated	15	15	0.48695164146722775	0.06666666666666667	False	False	False	False	0
C0111	S3_open_cd4	glycosylated	17	17	0.3248568398065957	0.0	False	False	False	False	0
C0112	S3_open_cd4	glycosylated	18	18	0.3239342669330164	0.0	False	False	False	False	0
C0113	S3_open_cd4	glycosylated	14	14	0.4719706668885035	0.07142857142857142	False	False	False	False	0
C0114	S3_open_cd4	glycosylated	17	17	0.4517757287831121	0.058823529411764705	False	False	False	False	0
C0115	S3_open_cd4	glycosylated	17	17	0.4008190662696111	0.0	False	False	False	False	0
C0116	S3_open_cd4	glycosylated	18	18	0.4033229966236938	0.05555555555555555	False	False	False	False	0
C0106	S3_open_cd4	glycosylated	26	26	0.36969096816770536	0.038461538461538464	False	False	False	False	0
C0117	S3_open_cd4	glycosylated	17	17	0.4487853168379027	0.058823529411764705	False	False	False	False	0
C0119	S3_open_cd4	glycosylated	19	19	0.42167839941384105	0.05263157894736842	False	False	False	False	0
C0118	S3_open_cd4	glycosylated	16	16	0.5278938875885987	0.0625	False	False	False	False	0
C0120	S3_open_cd4	glycosylated	19	19	0.42167839941384105	0.05263157894736842	False	False	False	False	0
C0121	S3_open_cd4	glycosylated	16	16	0.4496097852320504	0.0625	False	False	False	False	0
C0123	S3_open_cd4	glycosylated	19	19	0.42167839941384105	0.05263157894736842	False	False	False	False	0
C0122	S3_open_cd4	glycosylated	14	14	0.43771043109272595	0.0	False	False	False	False	0
C0125	S3_open_cd4	glycosylated	18	18	0.42193910322760164	0.0	False	False	False	False	0
C0124	S3_open_cd4	glycosylated	19	19	0.42167839941384105	0.05263157894736842	False	False	False	False	0
C0126	S3_open_cd4	glycosylated	17	17	0.34112430190521836	0.0	False	False	False	False	0
C0127	S3_open_cd4	glycosylated	21	21	0.39144719452983295	0.047619047619047616	False	False	False	False	0
C0129	S3_open_cd4	glycosylated	16	16	0.4366761093954342	0.0625	False	False	False	False	0
C0128	S3_open_cd4	glycosylated	20	20	0.4825250668839369	0.05	False	False	False	False	0
C0131	S3_open_cd4	glycosylated	17	17	0.38554556853405453	0.0	False	False	False	False	0
C0130	S3_open_cd4	glycosylated	17	17	0.3457605180240225	0.0	False	False	False	False	0
C0132	S3_open_cd4	glycosylated	16	16	0.4608988319705242	0.0625	False	False	False	False	0
C0133	S3_open_cd4	glycosylated	10	10	0.4229185383912831	0.1	False	False	False	False	0
C0134	S3_open_cd4	glycosylated	15	15	0.44887019034697345	0.06666666666666667	False	False	False	False	0
C0136	S3_open_cd4	glycosylated	16	16	0.34333169091276206	0.0	False	False	False	False	0
C0135	S3_open_cd4	glycosylated	17	17	0.380353637999965	0.058823529411764705	False	False	False	False	0
C0137	S3_open_cd4	glycosylated	10	10	0.473302934011777	0.1	False	False	False	False	0
C0139	S3_open_cd4	glycosylated	17	17	0.3642775234785354	0.0	False	False	False	False	0
C0138	S3_open_cd4	glycosylated	21	21	0.46963749611084904	0.047619047619047616	False	False	False	False	0
C0140	S3_open_cd4	glycosylated	14	14	0.47500106269333164	0.07142857142857142	False	False	False	False	0
C0142	S3_open_cd4	glycosylated	16	16	0.3989358667813405	0.0625	False	False	False	False	0
C0141	S3_open_cd4	glycosylated	19	19	0.4536948354653511	0.05263157894736842	False	False	False	False	0
C0143	S3_open_cd4	glycosylated	19	19	0.47397154175741857	0.05263157894736842	False	False	False	False	0
C0144	S3_open_cd4	glycosylated	13	13	0.50094315023817	0.07692307692307693	False	False	False	False	0
C0146	S3_open_cd4	glycosylated	14	14	0.5043742862543593	0.07142857142857142	False	False	False	False	0
C0145	S3_open_cd4	glycosylated	20	20	0.4452855130786147	0.05	False	False	False	False	0
C0147	S3_open_cd4	glycosylated	19	19	0.47397154175741857	0.05263157894736842	False	False	False	False	0
C0148	S3_open_cd4	glycosylated	18	18	0.43799752839477124	0.05555555555555555	False	False	False	False	0
C0150	S3_open_cd4	glycosylated	20	20	0.40686765538142666	0.05	False	False	False	False	0
C0149	S3_open_cd4	glycosylated	21	21	0.46621176789005003	0.047619047619047616	False	False	False	False	0
C0151	S3_open_cd4	glycosylated	19	19	0.38260255054019143	0.05263157894736842	False	False	False	False	0
C0152	S3_open_cd4	glycosylated	13	13	0.4568177369885463	0.0	False	False	False	False	0
C0153	S3_open_cd4	glycosylated	19	19	0.3929273732310761	0.05263157894736842	False	False	False	False	0
C0154	S3_open_cd4	glycosylated	19	19	0.470646617002953	0.05263157894736842	False	False	False	False	0
C0155	S3_open_cd4	glycosylated	14	14	0.45518598164611473	0.07142857142857142	False	False	False	False	0
C0156	S3_open_cd4	glycosylated	18	18	0.4709140325944061	0.05555555555555555	False	False	False	False	0
C0158	S3_open_cd4	glycosylated	16	16	0.3989358667813405	0.0625	False	False	False	False	0
C0159	S3_open_cd4	glycosylated	16	16	0.3989358667813405	0.0625	False	False	False	False	0
C0157	S3_open_cd4	glycosylated	23	23	0.4475691105868897	0.043478260869565216	False	False	False	False	0
C0160	S3_open_cd4	glycosylated	15	15	0.5793761903379837	0.06666666666666667	False	False	False	False	0
C0162	S3_open_cd4	glycosylated	18	18	0.410143450771805	0.05555555555555555	False	False	False	False	0
C0161	S3_open_cd4	glycosylated	16	16	0.5278938875885987	0.0625	False	False	False	False	0
C0164	S3_open_cd4	glycosylated	18	18	0.4777344867425172	0.05555555555555555	False	False	False	False	0
C0165	S3_open_cd4	glycosylated	16	16	0.45770271661259626	0.0625	False	False	False	False	0
C0163	S3_open_cd4	glycosylated	16	16	0.4407942322737148	0.0625	False	False	False	False	0
C0167	S3_open_cd4	glycosylated	18	18	0.39418440672054983	0.05555555555555555	False	False	False	False	0
C0168	S3_open_cd4	glycosylated	15	15	0.3576932723693993	0.0	False	False	False	False	0
C0166	S3_open_cd4	glycosylated	16	16	0.4617070374691483	0.0625	False	False	False	False	0
